bank,cpu_addr,prg_offset,length,decoded,bytes
02,$801A,$0801A,3,SツQ,62 c1 60
02,$8026,$08026,3,まツQ,9e c1 60
02,$802E,$0802E,3,すツQ,8c c1 60
02,$8036,$08036,3,0ツQ,7d c1 60
02,$803A,$0803A,3,7ツQ,7a c1 60
02,$8041,$08041,3,Oあよ,5e 80 a5
02,$805B,$0805B,4,)とQよ,6f 93 60 a5
02,$8098,$08098,3,Z1か,69 74 85
02,$809E,$0809E,3,Z!か,69 6c 85
02,$80AD,$080AD,3,さあよ,8a 80 a5
02,$80B5,$080B5,3,うんB,82 ad 51
02,$80C9,$080C9,3,セ!!,bd 6c 6c
02,$80D5,$080D5,3,ツあも,c1 80 a2
02,$80DD,$080DD,4,さるノチ,8a a8 c8 c0
02,$8104,$08104,3,レあん,d9 80 ad
02,$810D,$0810D,5,Qセ*>か,60 bd 6a 71 85
02,$8113,$08113,4,セ(>か,bd 6e 71 85
02,$8121,$08121,3,ふとア,9b 93 b0
02,$814B,$0814B,3,Z1か,69 74 85
02,$8151,$08151,3,Z!か,69 6c 85
02,$8160,$08160,3,Wいれ,66 81 a9
02,$8174,$08174,3,Z-か,69 6b 85
02,$817F,$0817F,3,ロうよ,da 82 a5
02,$8187,$08187,5,Qセマ)か,60 bd ce 6f 85
02,$818D,$0818D,4,セモ)か,bd d2 6f 85
02,$8193,$08193,3,もいを,a2 81 ac
02,$8197,$08197,5,Qセソ)か,60 bd be 6f 85
02,$819D,$0819D,4,セテ)か,bd c2 6f 85
02,$81B0,$081B0,3,Z-か,69 6b 85
02,$81BD,$081BD,3,ふうゆ,9b 82 a4
02,$81CD,$081CD,3,Z-か,69 6b 85
02,$81F6,$081F6,3,6うハ,79 82 c9
02,$8200,$08200,3,ふうれ,9b 82 a9
02,$8211,$08211,3,ふうれ,9b 82 a9
02,$8222,$08222,3,ふうれ,9b 82 a9
02,$8233,$08233,3,ふうれ,9b 82 a9
02,$8244,$08244,3,ふうれ,9b 82 a9
02,$8255,$08255,3,ふうれ,9b 82 a9
02,$8266,$08266,3,ふうれ,9b 82 a9
02,$8277,$08277,3,ふうれ,9b 82 a9
02,$8288,$08288,3,ふうれ,9b 82 a9
02,$8299,$08299,3,ふうゆ,9b 82 a4
02,$82A9,$082A9,3,Z-か,69 6b 85
02,$82B7,$082B7,5,Qセヌ)か,60 bd c6 6f 85
02,$82BD,$082BD,4,セヒ)か,bd ca 6f 85
02,$82C3,$082C3,3,モう、,d2 82 ae
02,$82C7,$082C7,5,Qセソ)か,60 bd be 6f 85
02,$82CD,$082CD,4,セテ)か,bd c2 6f 85
02,$8339,$08339,3,ヌえセ,c6 83 bd
02,$834E,$0834E,3,コえハ,b9 83 c9
02,$8357,$08357,3,コえハ,b9 83 c9
02,$8360,$08360,3,コえハ,b9 83 c9
02,$8369,$08369,3,コえハ,b9 83 c9
02,$8372,$08372,3,コえハ,b9 83 c9
02,$837B,$0837B,3,コえハ,b9 83 c9
02,$8384,$08384,3,コえハ,b9 83 c9
02,$838D,$0838D,3,コえハ,b9 83 c9
02,$8396,$08396,3,コえハ,b9 83 c9
02,$839F,$0839F,3,コえハ,b9 83 c9
02,$83A8,$083A8,3,コえハ,b9 83 c9
02,$83B1,$083B1,3,コえハ,b9 83 c9
02,$83CF,$083CF,3,Vつよ,65 91 a5
02,$83DF,$083DF,3,Vつよ,65 91 a5
02,$8403,$08403,3,Vつよ,65 91 a5
02,$8427,$08427,3,サ)ア,ba 6f b0
02,$8453,$08453,3,!!ち,6c 6c 90
02,$8468,$08468,3,Z-か,69 6b 85
02,$852D,$0852D,3,キ)ち,b6 6f 90
02,$853B,$0853B,3,ねしん,97 8b ad
02,$8552,$08552,3,Gかれ,56 85 a9
02,$857F,$0857F,4,Qセウ),60 bd b2 6f
02,$8597,$08597,3,~Yか,73 68 85
02,$85C1,$085C1,3,キ)ち,b6 6f 90
02,$85F0,$085F0,3,Xきセ,67 86 bd
02,$85FB,$085FB,3,れへか,a9 9c 85
02,$8605,$08605,4,きれマか,86 a9 ce 85
02,$8644,$08644,3,Xきれ,67 86 a9
02,$864F,$0864F,3,Xきれ,67 86 a9
02,$865A,$0865A,3,Xきれ,67 86 a9
02,$8665,$08665,3,Xきセ,67 86 bd
02,$86F9,$086F9,3,くれA,87 a9 50
02,$8710,$08710,3,んリ-,ad d7 6b
02,$873B,$0873B,4,ミかYか,cf 85 68 85
02,$8781,$08781,4,けんリ-,88 ad d7 6b
02,$87AF,$087AF,3,れUか,a9 64 85
02,$87DE,$087DE,4,けれUか,88 a9 64 85
02,$87E9,$087E9,4,くれAか,87 a9 50 85
02,$8808,$08808,3,Eくれ,54 87 a9
02,$881D,$0881D,3,Z-か,69 6b 85
02,$882A,$0882A,3,みこよ,9f 89 a5
02,$8835,$08835,3,ひこよ,9a 89 a5
02,$884C,$0884C,3,リけハ,d7 88 c9
02,$8868,$08868,3,Lこハ,5b 89 c9
02,$8872,$08872,3,ひこれ,9a 89 a9
02,$8878,$08878,3,れぬか,a9 96 85
02,$8887,$08887,3,れぬか,a9 96 85
02,$8893,$08893,3,ひこれ,9a 89 a9
02,$8899,$08899,3,れぬか,a9 96 85
02,$88A8,$088A8,3,れぬか,a9 96 85
02,$88B4,$088B4,3,ひこれ,9a 89 a9
02,$88BA,$088BA,3,れぬか,a9 96 85
02,$88C9,$088C9,3,れぬか,a9 96 85
02,$88D5,$088D5,3,ひこれ,9a 89 a9
02,$88DB,$088DB,3,れぬか,a9 96 85
02,$88EA,$088EA,3,れぬか,a9 96 85
02,$88F6,$088F6,3,ひこれ,9a 89 a9
02,$88FC,$088FC,3,れぬか,a9 96 85
02,$890B,$0890B,3,れぬか,a9 96 85
02,$8917,$08917,3,ひこれ,9a 89 a9
02,$891D,$0891D,3,れぬか,a9 96 85
02,$892C,$0892C,3,れぬか,a9 96 85
02,$8938,$08938,3,ひこれ,9a 89 a9
02,$893E,$0893E,3,れぬか,a9 96 85
02,$894D,$0894D,3,れぬか,a9 96 85
02,$8959,$08959,3,ひこれ,9a 89 a9
02,$895F,$0895F,3,れぬか,a9 96 85
02,$896E,$0896E,3,れぬか,a9 96 85
02,$897A,$0897A,3,ひこれ,9a 89 a9
02,$8980,$08980,3,れぬか,a9 96 85
02,$898F,$0898F,3,れぬか,a9 96 85
02,$899E,$0899E,3,けYか,88 68 85
02,$8A0B,$08A0B,4,されUか,8a a9 64 85
02,$8A4B,$08A4B,4,んこYか,ad 89 68 85
02,$8AAB,$08AAB,4,<さん4,70 8a ad 77
02,$8ABE,$08ABE,3,さん5,8a ad 78
02,$8AD0,$08AD0,3,さん6,8a ad 79
02,$8AEE,$08AEE,3,くしれ,87 8b a9
02,$8AFB,$08AFB,3,くしら,87 8b a6
02,$8B19,$08B19,3,うしら,82 8b a6
02,$8B24,$08B24,3,ムMれ,d0 5c a9
02,$8B3B,$08B3B,3,!!ア,6c 6c b0
02,$8B4D,$08B4D,3,Z-か,69 6b 85
02,$8B86,$08B86,3,さYか,8a 68 85
02,$8BA5,$08BA5,3,たQよ,8f 60 a5
02,$8BF5,$08BF5,3,ハしん,c9 8b ad
02,$8C01,$08C01,4,おすんク,84 8c ad b7
02,$8C3C,$08C3C,3,キつよ,b6 91 a5
02,$8C4A,$08C4A,3,ハしん,c9 8b ad
02,$8C63,$08C63,3,キつよ,b6 91 a5
02,$8C70,$08C70,3,キつよ,b6 91 a5
02,$8C82,$08C82,3,ハしん,c9 8b ad
02,$8CA4,$08CA4,3,キつよ,b6 91 a5
02,$8CAF,$08CAF,3,キつよ,b6 91 a5
02,$8CBD,$08CBD,3,ハしん,c9 8b ad
02,$8CC6,$08CC6,4,ムCんク,d0 52 ad b7
02,$8CE6,$08CE6,3,ハしん,c9 8b ad
02,$8D0A,$08D0A,3,キつよ,b6 91 a5
02,$8D18,$08D18,3,ハしん,c9 8b ad
02,$8D22,$08D22,4,れせんク,a9 8d ad b7
02,$8D44,$08D44,3,ハしん,c9 8b ad
02,$8D61,$08D61,3,ハしん,c9 8b ad
02,$8D73,$08D73,3,えせよ,83 8d a5
02,$8D81,$08D81,3,そせよ,8e 8d a5
02,$8D97,$08D97,3,キつよ,b6 91 a5
02,$8DA7,$08DA7,3,ハしん,c9 8b ad
02,$8DCE,$08DCE,3,ハしん,c9 8b ad
02,$8DF4,$08DF4,4,ハしんク,c9 8b ad b7
02,$8E16,$08E16,3,ハしん,c9 8b ad
02,$8E2F,$08E2F,3,キつよ,b6 91 a5
02,$8E41,$08E41,4,ハしYか,c9 8b 68 85
02,$8E71,$08E71,3,れユか,a9 d4 85
02,$8EA4,$08EA4,3,れルか,a9 d8 85
02,$8ED8,$08ED8,3,2てよ,75 92 a5
02,$8EE7,$08EE7,3,れマか,a9 ce 85
02,$8EFC,$08EFC,3,れルか,a9 d8 85
02,$8F35,$08F35,3,ムHん,d0 57 ad
02,$8F4A,$08F4A,3,>たん,71 8f ad
02,$8F5D,$08F5D,3,>たん,71 8f ad
02,$8F8D,$08F8D,3,たんク,8f ad b7
02,$8F93,$08F93,3,ちSれ,90 62 a9
02,$8FD2,$08FD2,3,れリか,a9 d7 85
02,$8FF5,$08FF5,4,はたんク,99 8f ad b7
02,$8FFA,$08FFA,4,ム?んり,d0 6d ad a7
02,$902A,$0902A,3,Zちん,69 90 ad
02,$904D,$0904D,3,なてよ,94 92 a5
02,$9072,$09072,3,モてよ,d2 92 a5
02,$9091,$09091,3,エてよ,b3 92 a5
02,$90A4,$090A4,3,れホか,a9 cd 85
02,$90B2,$090B2,3,Xちん,7e 90 ad
02,$90DC,$090DC,3,なてよ,94 92 a5
02,$90F3,$090F3,3,モてよ,d2 92 a5
02,$9105,$09105,3,れヘか,a9 cc 85
02,$9113,$09113,4,セちんネ,bd 90 ad c7
02,$9132,$09132,3,Rつん,61 91 ad
02,$914A,$0914A,4,Rつんリ,61 91 ad d7
02,$9160,$09160,3,てYか,92 68 85
02,$917F,$0917F,3,(つよ,6e 91 a5
02,$919A,$0919A,3,しつき,8b 91 86
02,$91B3,$091B3,4,めつQも,a1 91 60 a2
02,$91CF,$091CF,4,ケつQよ,b8 91 60 a5
02,$91F6,$091F6,4,セ!!ニ,bd 6c 6c c5
02,$920B,$0920B,3,Z-か,69 6b 85
02,$9244,$09244,4,セ!!ニ,bd 6c 6c c5
02,$9259,$09259,3,Z-か,69 6b 85
02,$928D,$0928D,3,4てれ,77 92 a9
02,$9296,$09296,3,さホネ,8a cd c7
02,$92AC,$092AC,3,ぬてれ,96 92 a9
02,$92CB,$092CB,3,カてれ,b5 92 a9
02,$92EC,$092EC,3,ユてれ,d4 92 a9
02,$9300,$09300,3,Zハか,69 c9 85
02,$9306,$09306,3,Z*か,69 6a 85
02,$9310,$09310,3,セ7>,bd 7a 71
02,$9316,$09316,7,ほ7>セせ>V,9d 7a 71 bd 8d 71 65
02,$931E,$0931E,3,ほせ>,9d 8d 71
02,$9327,$09327,3,てQも,92 60 a2
02,$9336,$09336,3,Zハか,69 c9 85
02,$933C,$0933C,3,Z*か,69 6a 85
02,$9346,$09346,3,セ7>,bd 7a 71
02,$934C,$0934C,7,ほ7>セせ>V,9d 7a 71 bd 8d 71 65
02,$9354,$09354,3,ほせ>,9d 8d 71
02,$935A,$0935A,3,とQも,93 60 a2
02,$9364,$09364,6,ほ7>ほせ>,9d 7a 71 9d 8d 71
02,$936C,$0936C,4,OとQも,5e 93 60 a2
02,$937C,$0937C,3,Zハか,69 c9 85
02,$9382,$09382,3,Z*か,69 6a 85
02,$938E,$0938E,8,ほ7>れ・ほせ>,9d 7a 71 a9 7f 9d 8d 71
02,$9398,$09398,4,>とQよ,71 93 60 a5
02,$9400,$09400,3,!よよ,6c a5 a5
02,$9407,$09407,3,ルよよ,d8 a5 a5
02,$940E,$0940E,3,ならよ,94 a6 a5
02,$9415,$09415,3,Pりよ,5f a7 a5
02,$941C,$0941C,3,はるよ,99 a8 a5
02,$942A,$0942A,3,ヤれよ,d3 a9 a5
02,$9442,$09442,3,Z1か,69 74 85
02,$9448,$09448,3,Z!か,69 6c 85
02,$9455,$09455,3,Z1か,69 74 85
02,$945B,$0945B,3,Z!か,69 6c 85
02,$946B,$0946B,3,Z1か,69 74 85
02,$9471,$09471,3,Z!か,69 6c 85
02,$947D,$0947D,3,ニによ,c5 95 a5
02,$9492,$09492,3,?ぬよ,6d 96 a5
02,$9499,$09499,3,めぬよ,a1 96 a5
02,$94B5,$094B5,3,エふよ,b3 9b a5
02,$94D1,$094D1,3,Cまよ,52 9e a5
02,$94ED,$094ED,3,らもよ,a6 a2 a5
02,$94FB,$094FB,3,Kやよ,5a a3 a5
02,$9502,$09502,3,7やよ,7a a3 a5
02,$9509,$09509,3,ひやよ,9a a3 a5
02,$9510,$09510,3,へゆよ,9c a4 a5
02,$9517,$09517,3,しわよ,8b ab a5
02,$952C,$0952C,3,テによ,c2 95 a5
02,$9535,$09535,3,テにゆ,c2 95 a4
02,$953F,$0953F,3,Z1か,69 74 85
02,$9545,$09545,3,Z!か,69 6c 85
02,$954D,$0954D,3,ム~む,d0 73 a0
02,$9553,$09553,3,ア*れ,b0 6a a9
02,$955E,$0955E,3,Z1か,69 74 85
02,$9564,$09564,3,Z!か,69 6c 85
02,$9571,$09571,3,Z1か,69 74 85
02,$9577,$09577,3,Z!か,69 6c 85
02,$9583,$09583,3,Z1か,69 74 85
02,$9589,$09589,3,Z!か,69 6c 85
02,$959B,$0959B,3,Z1か,69 74 85
02,$95A1,$095A1,3,Z!か,69 6c 85
02,$95AE,$095AE,3,Z1か,69 74 85
02,$95B4,$095B4,3,Z!か,69 6c 85
02,$95C3,$095C3,3,ニによ,c5 95 a5
02,$95FD,$095FD,3,QYか,60 68 85
02,$9625,$09625,3,Z1か,69 74 85
02,$962B,$0962B,3,Z!か,69 6c 85
02,$9659,$09659,3,Z1か,69 74 85
02,$965F,$0965F,3,Z!か,69 6c 85
02,$968D,$0968D,3,Z1か,69 74 85
02,$9693,$09693,3,Z!か,69 6c 85
02,$96BE,$096BE,3,モぬれ,d2 96 a9
02,$96C5,$096C5,3,モぬれ,d2 96 a9
02,$96CC,$096CC,3,モぬれ,d2 96 a9
02,$96E7,$096E7,3,Z1か,69 74 85
02,$96ED,$096ED,3,Z!か,69 6c 85
02,$974C,$0974C,3,Z1か,69 74 85
02,$9752,$09752,3,Z!か,69 6c 85
02,$9777,$09777,5,Xねんち!,67 97 ad 90 6c
02,$978C,$0978C,4,Qんつ!,60 ad 91 6c
02,$97A0,$097A0,4,Qんて!,60 ad 92 6c
02,$97B4,$097B4,4,Qんと!,60 ad 93 6c
02,$97C8,$097C8,3,QYか,60 68 85
02,$97E3,$097E3,3,Z1か,69 74 85
02,$97E9,$097E9,3,Z!か,69 6c 85
02,$9815,$09815,3,Z-か,69 6b 85
02,$9860,$09860,3,Z1か,69 74 85
02,$9866,$09866,3,Z!か,69 6c 85
02,$9883,$09883,3,Z1か,69 74 85
02,$9889,$09889,3,Z!か,69 6c 85
02,$9893,$09893,3,ん<!,ad 70 6c
02,$9897,$09897,3,?>!,6d 71 6c
02,$989B,$0989B,3,?/!,6d 72 6c
02,$989F,$0989F,4,?~!ム,6d 73 6c d0
02,$98B3,$098B3,3,Z1か,69 74 85
02,$98B9,$098B9,3,Z!か,69 6c 85
02,$98D5,$098D5,3,Z1か,69 74 85
02,$98DB,$098DB,3,Z!か,69 6c 85
02,$990A,$0990A,3,ひんL,9a ad 5b
02,$9978,$09978,3,すはれ,8c 99 a9
02,$997F,$0997F,3,すはれ,8c 99 a9
02,$9986,$09986,3,すはれ,8c 99 a9
02,$99A3,$099A3,3,をはん,ac 99 ad
02,$99DC,$099DC,3,Z1か,69 74 85
02,$99E2,$099E2,3,Z!か,69 6c 85
02,$9A16,$09A16,3,Z1か,69 74 85
02,$9A1C,$09A1C,3,Z!か,69 6c 85
02,$9A48,$09A48,3,れふハ,a9 9b c9
02,$9A4F,$09A4F,3,れふハ,a9 9b c9
02,$9A56,$09A56,4,れふんN,a9 9b ad 5d
02,$9A89,$09A89,3,たひれ,8f 9a a9
02,$9A90,$09A90,3,ぬひれ,96 9a a9
02,$9A9F,$09A9F,4,Kム5よ,5a d0 78 a5
02,$9AA7,$09AA7,3,れふよ,a9 9b a5
02,$9ACA,$09ACA,3,ムひれ,d0 9a a9
02,$9AD8,$09AD8,3,れふよ,a9 9b a5
02,$9B2F,$09B2F,3,れふん,a9 9b ad
02,$9B3E,$09B3E,3,Z1か,69 74 85
02,$9B44,$09B44,3,Z!か,69 6c 85
02,$9B4F,$09B4F,3,れふん,a9 9b ad
02,$9B5E,$09B5E,3,Z1か,69 74 85
02,$9B64,$09B64,3,Z!か,69 6c 85
02,$9B6F,$09B6F,3,れふん,a9 9b ad
02,$9B7E,$09B7E,3,Z1か,69 74 85
02,$9B84,$09B84,3,Z!か,69 6c 85
02,$9B8F,$09B8F,3,れふゆ,a9 9b a4
02,$9B99,$09B99,3,Z1か,69 74 85
02,$9B9F,$09B9F,3,Z!か,69 6c 85
02,$9BF8,$09BF8,3,Z1か,69 74 85
02,$9BFE,$09BFE,3,Z!か,69 6c 85
02,$9C27,$09C27,3,Z1か,69 74 85
02,$9C2D,$09C2D,3,Z!か,69 6c 85
02,$9C40,$09C40,3,Z1か,69 74 85
02,$9C46,$09C46,3,Z!か,69 6c 85
02,$9C59,$09C59,3,ZUか,69 64 85
02,$9C5F,$09C5F,3,Z!か,69 6c 85
02,$9C7A,$09C7A,3,ZUか,69 64 85
02,$9C80,$09C80,3,Z!か,69 6c 85
02,$9C88,$09C88,3,ん<!,ad 70 6c
02,$9C8C,$09C8C,3,?>!,6d 71 6c
02,$9C90,$09C90,3,?/!,6d 72 6c
02,$9C94,$09C94,4,?~!ニ,6d 73 6c c5
02,$9CA1,$09CA1,3,Z1か,69 74 85
02,$9CA7,$09CA7,3,Z!か,69 6c 85
02,$9CB7,$09CB7,3,ZUか,69 64 85
02,$9CBD,$09CBD,3,Z!か,69 6c 85
02,$9CCC,$09CCC,3,ZUか,69 64 85
02,$9CD2,$09CD2,3,Z!か,69 6c 85
02,$9CE2,$09CE2,3,Z1か,69 74 85
02,$9CE8,$09CE8,3,Z!か,69 6c 85
02,$9D18,$09D18,3,Oわよ,5e ab a5
02,$9D2E,$09D2E,3,Oわよ,5e ab a5
02,$9D44,$09D44,3,Oわよ,5e ab a5
02,$9D5A,$09D5A,3,Oわよ,5e ab a5
02,$9D70,$09D70,3,Oわよ,5e ab a5
02,$9D78,$09D78,3,まんL,9e ad 5b
02,$9DC4,$09DC4,3,へほれ,9c 9d a9
02,$9DE5,$09DE5,3,Z1か,69 74 85
02,$9DEB,$09DEB,3,Z!か,69 6c 85
02,$9E00,$09E00,3,Z1か,69 74 85
02,$9E06,$09E06,3,Z!か,69 6c 85
02,$9E20,$09E20,3,Z1か,69 74 85
02,$9E26,$09E26,3,Z!か,69 6c 85
02,$9E3B,$09E3B,3,Z1か,69 74 85
02,$9E41,$09E41,3,Z!か,69 6c 85
02,$9E73,$09E73,3,むんN,a0 ad 5d
02,$9E97,$09E97,3,Oわよ,5e ab a5
02,$9EAE,$09EAE,3,Oわよ,5e ab a5
02,$9ED1,$09ED1,3,Oわよ,5e ab a5
02,$9EE8,$09EE8,3,Oわよ,5e ab a5
02,$9F09,$09F09,3,Oわよ,5e ab a5
02,$9F20,$09F20,3,Oわよ,5e ab a5
02,$9F41,$09F41,3,Oわよ,5e ab a5
02,$9F58,$09F58,3,Oわよ,5e ab a5
02,$9F7B,$09F7B,3,Oわよ,5e ab a5
02,$9F90,$09F90,3,Oわよ,5e ab a5
02,$9FB3,$09FB3,3,Oわよ,5e ab a5
02,$9FC8,$09FC8,3,Oわよ,5e ab a5
02,$9FE5,$09FE5,3,Z1か,69 74 85
02,$9FEB,$09FEB,3,Z!か,69 6c 85
02,$A000,$0A000,3,Z1か,69 74 85
02,$A006,$0A006,3,Z!か,69 6c 85
02,$A046,$0A046,3,Oわよ,5e ab a5
02,$A059,$0A059,3,Oわよ,5e ab a5
02,$A06C,$0A06C,3,Oわよ,5e ab a5
02,$A083,$0A083,3,Oわよ,5e ab a5
02,$A096,$0A096,3,Oわよ,5e ab a5
02,$A0A9,$0A0A9,3,Oわよ,5e ab a5
02,$A0C0,$0A0C0,3,Oわよ,5e ab a5
02,$A0D3,$0A0D3,3,Oわよ,5e ab a5
02,$A0E6,$0A0E6,3,Oわよ,5e ab a5
02,$A103,$0A103,3,Z1か,69 74 85
02,$A109,$0A109,3,Z!か,69 6c 85
02,$A11E,$0A11E,3,Z1か,69 74 85
02,$A124,$0A124,3,Z!か,69 6c 85
02,$A14C,$0A14C,3,もんZ,a2 ad 69
02,$A155,$0A155,3,BんZ,51 ad 69
02,$A194,$0A194,3,Z1か,69 74 85
02,$A19A,$0A19A,3,Z!か,69 6c 85
02,$A1A6,$0A1A6,3,もん*,a2 ad 6a
02,$A1AF,$0A1AF,3,Bん*,51 ad 6a
02,$A1EE,$0A1EE,3,Z1か,69 74 85
02,$A1F4,$0A1F4,3,Z!か,69 6c 85
02,$A200,$0A200,3,もYか,a2 68 85
02,$A231,$0A231,3,いもん,81 a2 ad
02,$A23F,$0A23F,3,いもん,81 a2 ad
02,$A25F,$0A25F,3,いもん,81 a2 ad
02,$A28F,$0A28F,3,Z1か,69 74 85
02,$A295,$0A295,3,Z!か,69 6c 85
02,$A2CB,$0A2CB,3,Z1か,69 74 85
02,$A2D1,$0A2D1,3,Z!か,69 6c 85
02,$A33D,$0A33D,3,Z1か,69 74 85
02,$A343,$0A343,3,Z!か,69 6c 85
02,$A369,$0A369,3,Z1か,69 74 85
02,$A36F,$0A36F,3,Z!か,69 6c 85
02,$A379,$0A379,3,QんE,60 ad 54
02,$A389,$0A389,3,Z1か,69 74 85
02,$A38F,$0A38F,3,Z!か,69 6c 85
02,$A414,$0A414,3,すゆん,8c a4 ad
02,$A427,$0A427,3,Z1か,69 74 85
02,$A42D,$0A42D,3,Z!か,69 6c 85
02,$A438,$0A438,3,Cゆゆ,52 a4 a4
02,$A442,$0A442,3,Z1か,69 74 85
02,$A448,$0A448,3,Z!か,69 6c 85
02,$A453,$0A453,3,すゆよ,8c a4 a5
02,$A461,$0A461,3,Z1か,69 74 85
02,$A467,$0A467,3,Z!か,69 6c 85
02,$A472,$0A472,3,すゆゆ,8c a4 a4
02,$A47C,$0A47C,3,Z1か,69 74 85
02,$A482,$0A482,3,Z!か,69 6c 85
02,$A4D0,$0A4D0,3,むゆも,a0 a4 a2
02,$A4D8,$0A4D8,3,Z1か,69 74 85
02,$A4DE,$0A4DE,3,Z!か,69 6c 85
02,$A4EE,$0A4EE,3,Z1か,69 74 85
02,$A4F4,$0A4F4,3,Z!か,69 6c 85
02,$A506,$0A506,3,ん<!,ad 70 6c
02,$A50A,$0A50A,3,?>!,6d 71 6c
02,$A50E,$0A50E,3,?/!,6d 72 6c
02,$A512,$0A512,6,?~!ムBん,6d 73 6c d0 51 ad
02,$A526,$0A526,3,Z1か,69 74 85
02,$A52C,$0A52C,3,Z!か,69 6c 85
02,$A558,$0A558,3,Z1か,69 74 85
02,$A55E,$0A55E,3,Z!か,69 6c 85
02,$A5BB,$0A5BB,3,Z1か,69 74 85
02,$A5C1,$0A5C1,3,Z!か,69 6c 85
02,$A5E0,$0A5E0,4,とらんF,93 a6 ad 55
02,$A605,$0A605,3,Z1か,69 74 85
02,$A60B,$0A60B,3,Z!か,69 6c 85
02,$A623,$0A623,3,Z1か,69 74 85
02,$A629,$0A629,3,Z!か,69 6c 85
02,$A63D,$0A63D,4,ムEんP,d0 54 ad 5f
02,$A665,$0A665,3,Z1か,69 74 85
02,$A66B,$0A66B,3,Z!か,69 6c 85
02,$A676,$0A676,3,とらヘ,93 a6 cc
02,$A683,$0A683,3,Z1か,69 74 85
02,$A689,$0A689,3,Z!か,69 6c 85
02,$A724,$0A724,3,Z1か,69 74 85
02,$A72A,$0A72A,3,Z!か,69 6c 85
02,$A73F,$0A73F,3,Z1か,69 74 85
02,$A745,$0A745,3,Z!か,69 6c 85
02,$A76F,$0A76F,3,ん<!,ad 70 6c
02,$A775,$0A775,3,するれ,8c a8 a9
02,$A787,$0A787,3,するれ,8c a8 a9
02,$A7E1,$0A7E1,3,するれ,8c a8 a9
02,$A7F5,$0A7F5,3,するれ,8c a8 a9
02,$A809,$0A809,3,するれ,8c a8 a9
02,$A87C,$0A87C,3,Z1か,69 74 85
02,$A882,$0A882,3,Z!か,69 6c 85
02,$A8A8,$0A8A8,3,Z1か,69 74 85
02,$A8AE,$0A8AE,3,Z!か,69 6c 85
02,$A8B8,$0A8B8,4,Qん<!,60 ad 70 6c
02,$A8BD,$0A8BD,3,?>!,6d 71 6c
02,$A8C1,$0A8C1,3,?/!,6d 72 6c
02,$A8C5,$0A8C5,4,?~!ム,6d 73 6c d0
02,$A8D2,$0A8D2,3,Z1か,69 74 85
02,$A8D8,$0A8D8,3,Z!か,69 6c 85
02,$A8F2,$0A8F2,3,ミれれ,cf a9 a9
02,$A904,$0A904,3,ミれれ,cf a9 a9
02,$A916,$0A916,3,ミれれ,cf a9 a9
02,$A928,$0A928,3,ミれれ,cf a9 a9
02,$A93A,$0A93A,3,ミれれ,cf a9 a9
02,$A94C,$0A94C,3,ミれれ,cf a9 a9
02,$A95B,$0A95B,3,ム/れ,d0 72 a9
02,$A96A,$0A96A,3,ムTれ,d0 63 a9
02,$A979,$0A979,3,ムEれ,d0 54 a9
02,$A9BF,$0A9BF,3,Z1か,69 74 85
02,$A9C5,$0A9C5,3,Z!か,69 6c 85
02,$AA31,$0AA31,3,Z1か,69 74 85
02,$AA37,$0AA37,3,Z!か,69 6c 85
02,$AAA5,$0AAA5,3,ムKれ,d0 5a a9
02,$AAF1,$0AAF1,3,Z1か,69 74 85
02,$AAF7,$0AAF7,3,Z!か,69 6c 85
02,$AB22,$0AB22,3,Z1か,69 74 85
02,$AB28,$0AB28,3,Z!か,69 6c 85
02,$AB6E,$0AB6E,3,ZNか,69 5d 85
02,$AB84,$0AB84,3,Wわよ,66 ab a5
02,$AB97,$0AB97,3,Z1か,69 74 85
02,$AB9D,$0AB9D,3,Z!か,69 6c 85
02,$ABED,$0ABED,3,Z1か,69 74 85
02,$ABF3,$0ABF3,3,Z!か,69 6c 85
02,$AC41,$0AC41,3,Z1か,69 74 85
02,$AC47,$0AC47,3,Z!か,69 6c 85
02,$AC9B,$0AC9B,3,Z1か,69 74 85
02,$ACA1,$0ACA1,3,Z!か,69 6c 85
02,$ACFD,$0ACFD,3,Z1か,69 74 85
02,$AD03,$0AD03,3,Z!か,69 6c 85
02,$AD64,$0AD64,4,レ!!ア,d9 6c 6c b0
02,$AD81,$0AD81,3,Z-か,69 6b 85
02,$ADA0,$0ADA0,3,Qんれ,60 ad a9
02,$ADB1,$0ADB1,5,さレ!!ア,8a d9 6c 6c b0
02,$ADC1,$0ADC1,3,Z-か,69 6b 85
02,$ADDD,$0ADDD,3,イんれ,b1 ad a9
02,$ADFF,$0ADFF,4,ツとQよ,c1 93 60 a5
02,$AE21,$0AE21,5,のカれEか,98 b5 a9 54 85
02,$AE28,$0AE28,3,Q。ら,60 af a6
02,$AE40,$0AE40,4,カれEか,b5 a9 54 85
02,$AE46,$0AE46,3,Q。ハ,60 af c9
02,$AE55,$0AE55,5,ソオれFか,be b4 a9 55 85
02,$AE5C,$0AE5C,3,Q。ハ,60 af c9
02,$AE6F,$0AE6F,5,BオれGか,51 b4 a9 56 85
02,$AE76,$0AE76,3,Q。ハ,60 af c9
02,$AE86,$0AE86,4,エれHか,b3 a9 57 85
02,$AE8C,$0AE8C,3,Q。よ,60 af a5
02,$AE93,$0AE93,3,ろクよ,aa b7 a5
02,$AED7,$0AED7,3,Q。ん,60 af ad
02,$AEFF,$0AEFF,5,4エれIか,77 b3 a9 58 85
02,$AF06,$0AF06,3,Q。ん,60 af ad
02,$AF18,$0AF18,3,<。れ,70 af a9
02,$AF1F,$0AF1F,3,Q。ハ,60 af c9
02,$AF2E,$0AF2E,3,Eアれ,54 b0 a9
02,$AF35,$0AF35,3,Q。ハ,60 af c9
02,$AF44,$0AF44,3,Dイれ,53 b1 a9
02,$AF4B,$0AF4B,3,Q。ハ,60 af c9
02,$AF5A,$0AF5A,3,Zウれ,69 b2 a9
02,$AF84,$0AF84,3,ムVん,d0 65 ad
02,$AFA4,$0AFA4,3,セ。よ,bd af a5
02,$B030,$0B030,3,れ1か,a9 74 85
02,$B04B,$0B04B,4,うクYか,82 b7 68 85
02,$B0C3,$0B0C3,3,れQか,a9 60 85
02,$B0D6,$0B0D6,3,れ1か,a9 74 85
02,$B13E,$0B13E,4,うクYか,82 b7 68 85
02,$B183,$0B183,3,ムPれ,d0 5f a9
02,$B22C,$0B22C,3,Gウん,56 b2 ad
02,$B245,$0B245,3,Gウよ,56 b2 a5
02,$B254,$0B254,4,うクYか,82 b7 68 85
02,$B291,$0B291,3,ムPれ,d0 5f a9
02,$B33A,$0B33A,3,Uエん,64 b3 ad
02,$B353,$0B353,3,Uエよ,64 b3 a5
02,$B362,$0B362,4,うクYか,82 b7 68 85
02,$B39C,$0B39C,3,カエよ,b5 b3 a5
02,$B3C3,$0B3C3,3,れ5か,a9 78 85
02,$B3D5,$0B3D5,3,れAか,a9 50 85
02,$B3DE,$0B3DE,4,うクYか,82 b7 68 85
02,$B430,$0B430,3,れオか,a9 b4 85
02,$B442,$0B442,3,れ5か,a9 78 85
02,$B44B,$0B44B,4,うクYか,82 b7 68 85
02,$B46A,$0B46A,3,れAか,a9 50 85
02,$B476,$0B476,3,たオよ,8f b4 a5
02,$B47C,$0B47C,3,れAか,a9 50 85
02,$B490,$0B490,3,サオん,ba b4 ad
02,$B4A9,$0B4A9,3,サオよ,ba b4 a5
02,$B4AF,$0B4AF,3,れむか,a9 a0 85
02,$B4B8,$0B4B8,4,うクYか,82 b7 68 85
02,$B4D7,$0B4D7,3,れ5か,a9 78 85
02,$B4E9,$0B4E9,3,れ5か,a9 78 85
02,$B50A,$0B50A,3,れYか,a9 68 85
02,$B525,$0B525,4,うクYか,82 b7 68 85
02,$B544,$0B544,3,れむか,a9 a0 85
02,$B550,$0B550,3,Zカよ,69 b5 a5
02,$B556,$0B556,3,れむか,a9 a0 85
02,$B55E,$0B55E,3,れAか,a9 50 85
02,$B56A,$0B56A,3,なカん,94 b5 ad
02,$B583,$0B583,3,なカよ,94 b5 a5
02,$B592,$0B592,4,うクYか,82 b7 68 85
02,$B5A4,$0B5A4,3,ムXん,d0 7e ad
02,$B622,$0B622,3,Xキん,7e b6 ad
02,$B654,$0B654,3,Xキら,7e b6 a6
02,$B67C,$0B67C,4,うクYか,82 b7 68 85
02,$B68C,$0B68C,4,セ/>か,bd 72 71 85
02,$B691,$0B691,4,セ3>か,bd 76 71 85
02,$B6BF,$0B6BF,4,ほ/>よ,9d 72 71 a5
02,$B6C4,$0B6C4,3,ほ3>,9d 76 71
02,$B6C8,$0B6C8,5,ワキセ/>,db b6 bd 72 71
02,$B6D0,$0B6D0,6,ほ/>セ3>,9d 72 71 bd 76 71
02,$B6D8,$0B6D8,3,ほ3>,9d 76 71
02,$B6DD,$0B6DD,4,おキQら,84 b6 60 a6
02,$B6E2,$0B6E2,3,セ/>,bd 72 71
02,$B6E8,$0B6E8,7,ほ/>セ3>V,9d 72 71 bd 76 71 65
02,$B6F0,$0B6F0,4,ほ3>、,9d 76 71 ae
02,$B6F5,$0B6F5,4,Qセ/>,60 bd 72 71
02,$B6FC,$0B6FC,6,ほ/>セ3>,9d 72 71 bd 76 71
02,$B704,$0B704,5,ほ3>Qも,9d 76 71 60 a2
02,$B715,$0B715,4,セ/>か,bd 72 71 85
02,$B71A,$0B71A,4,セ3>か,bd 76 71 85
02,$B748,$0B748,4,ほ/>よ,9d 72 71 a5
02,$B74D,$0B74D,3,ほ3>,9d 76 71
02,$B758,$0B758,3,セ/>,bd 72 71
02,$B75E,$0B75E,6,ほ/>セ3>,9d 72 71 bd 76 71
02,$B766,$0B766,3,ほ3>,9d 76 71
02,$B76A,$0B76A,5,0クセ/>,7d b7 bd 72 71
02,$B772,$0B772,6,ほ/>セ3>,9d 72 71 bd 76 71
02,$B77A,$0B77A,3,ほ3>,9d 76 71
02,$B780,$0B780,3,クQら,b7 60 a6
02,$B784,$0B784,3,セ/>,bd 72 71
02,$B78A,$0B78A,7,ほ/>セ3>V,9d 72 71 bd 76 71 65
02,$B792,$0B792,4,ほ3>、,9d 76 71 ae
02,$B797,$0B797,4,Qセ/>,60 bd 72 71
02,$B79E,$0B79E,6,ほ/>セ3>,9d 72 71 bd 76 71
02,$B7A6,$0B7A6,5,ほ3>Qよ,9d 76 71 60 a5
02,$B7F6,$0B7F6,3,Z1か,69 74 85
02,$B7FC,$0B7FC,3,Z!か,69 6c 85
02,$B80E,$0B80E,3,ロサら,da ba a6
02,$B812,$0B812,4,セ<!ム,bd 70 6c d0
02,$B82B,$0B82B,3,Z1か,69 74 85
02,$B831,$0B831,3,Z!か,69 6c 85
02,$B848,$0B848,3,ロサん,da ba ad
02,$B862,$0B862,3,イコら,b1 b9 a6
02,$B886,$0B886,3,すケれ,8c b8 a9
02,$B8B4,$0B8B4,4,タケんY,bf b8 ad 68
02,$B918,$0B918,3,コんY,b9 ad 68
02,$B943,$0B943,4,チハあム,c0 c9 80 d0
02,$B97B,$0B97B,4,きコんY,86 b9 ad 68
02,$B98C,$0B98C,4,チハチム,c0 c9 c0 d0
02,$B9A1,$0B9A1,4,をコんY,ac b9 ad 68
02,$B9AF,$0B9AF,3,Lケん,5b b8 ad
02,$B9C7,$0B9C7,3,ワコれ,db b9 a9
02,$B9CE,$0B9CE,3,ワコれ,db b9 a9
02,$B9D5,$0B9D5,3,ワコれ,db b9 a9
02,$BA61,$0BA61,3,アサよ,b0 ba a5
02,$BA8D,$0BA8D,3,アサよ,b0 ba a5
02,$BAFC,$0BAFC,3,7ソマ,7a be ce
02,$BB13,$0BB13,3,タタP,bf bf 5f
02,$BB28,$0BB28,3,サ。リ,ba af d7
02,$BB38,$0BB38,5,OまOまO,5e 9e 5e 9e 5e
02,$BB6A,$0BB6A,3,セいセ,bd 81 bd
02,$BB8A,$0BB8A,3,セいセ,bd 81 bd
02,$BBAA,$0BBAA,3,セいセ,bd 81 bd
02,$BBEA,$0BBEA,3,セいセ,bd 81 bd
02,$BBF8,$0BBF8,3,マソ7,ce be 7a
02,$BC3E,$0BC3E,3,きW・,86 66 7f
02,$BC8A,$0BC8A,3,カおカ,b5 84 b5
02,$BCC5,$0BCC5,4,ムママ・,d0 ce ce 7f
02,$BCE9,$0BCE9,7,XXXXXXX,7e 7e 7e 7e 7e 7e 7e
02,$BD19,$0BD19,4,XXソテ,7e 7e be c2
02,$BD28,$0BD28,3,ンノマ,dc c8 ce
02,$BD78,$0BD78,4,X(((,7e 6e 6e 6e
02,$BD8A,$0BD8A,3,カおカ,b5 84 b5
02,$BDE8,$0BDE8,6,XXXXXX,7e 7e 7e 7e 7e 7e
02,$BE0D,$0BE0D,3,ユヨあ,d4 d5 80
02,$BE2D,$0BE2D,3,レロし,d9 da 8b
02,$BE3C,$0BE3C,3,ヌ3O,c6 76 5e
02,$BEA6,$0BEA6,3,ネあ・,c7 80 7f
03,$80C1,$0C0C1,3,BチQ,51 c0 60
03,$80C5,$0C0C5,3,さチQ,8a c0 60
03,$80C9,$0C0C9,3,ちチQ,90 c0 60
03,$80CD,$0C0CD,3,るチQ,a8 c0 60
03,$80D1,$0C0D1,3,タツQ,bf c1 60
03,$80D5,$0C0D5,3,わチQ,ab c0 60
03,$80D9,$0C0D9,3,サチQ,ba c0 60
03,$80DD,$0C0DD,3,ルチQ,d8 c0 60
03,$8101,$0C101,3,SツQ,62 c1 60
03,$8105,$0C105,3,YツQ,68 c1 60
03,$8109,$0C109,3,>ツQ,71 c1 60
03,$810D,$0C10D,3,4ツQ,77 c1 60
03,$8111,$0C111,3,0ツQ,7d c1 60
03,$8115,$0C115,3,あツQ,80 c1 60
03,$8119,$0C119,3,えツQ,83 c1 60
03,$811D,$0C11D,3,すツQ,8c c1 60
03,$8121,$0C121,3,ニツQ,c5 c1 60
03,$8125,$0C125,3,まツQ,9e c1 60
03,$8131,$0C131,3,ユツQ,d4 c1 60
03,$8135,$0C135,3,リツQ,d7 c1 60
03,$8141,$0C141,3,いチQ,81 c0 60
03,$8145,$0C145,3,XチQ,7e c0 60
03,$8149,$0C149,3,きツQ,86 c1 60
03,$814D,$0C14D,3,へチQ,9c c0 60
03,$8151,$0C151,3,1ツQ,74 c1 60
03,$8159,$0C159,3,テツQ,c2 c1 60
03,$815D,$0C15D,3,ノツQ,c8 c1 60
03,$8161,$0C161,3,チチQ,c0 c0 60
03,$8165,$0C165,3,こツQ,89 c1 60
03,$816D,$0C16D,4,マツQよ,ce c1 60 a5
03,$817D,$0C17D,3,ん9!,ad 7c 6c
03,$818C,$0C18C,3,ちあん,90 80 ad
03,$81B2,$0C1B2,3,いけよ,81 88 a5
03,$81B8,$0C1B8,3,ん9!,ad 7c 6c
03,$81D9,$0C1D9,3,2さん,75 8a ad
03,$81E1,$0C1E1,3,ちあん,90 80 ad
03,$81E9,$0C1E9,3,んいよ,ad 81 a5
03,$81F2,$0C1F2,3,そしん,8e 8b ad
03,$81FA,$0C1FA,3,んいよ,ad 81 a5
03,$8207,$0C207,3,/イよ,72 b1 a5
03,$8221,$0C221,3,んいん,ad 81 ad
03,$8245,$0C245,3,Zハか,69 c9 85
03,$824B,$0C24B,3,Z*か,69 6a 85
03,$825A,$0C25A,3,Zハか,69 c9 85
03,$8260,$0C260,3,Z*か,69 6a 85
03,$827A,$0C27A,4,Zあせわ,69 80 8d ab
03,$8284,$0C284,5,ヘあん9!,cc 80 ad 7c 6c
03,$828B,$0C28B,3,せ9!,8d 7c 6c
03,$828F,$0C28F,3,キうれ,b6 82 a9
03,$8294,$0C294,4,Zあせわ,69 80 8d ab
03,$829E,$0C29E,3,ヘあん,cc 80 ad
03,$82B4,$0C2B4,3,キ1れ,b6 74 a9
03,$82BD,$0C2BD,6,Qセ!!ろを,60 bd 6c 6c aa ac
03,$82D2,$0C2D2,3,Z-か,69 6b 85
03,$82E2,$0C2E2,3,!!よ,6c 6c a5
03,$8303,$0C303,4,ノあYか,c8 80 68 85
03,$831F,$0C31F,3,れ・か,a9 7f 85
03,$832F,$0C32F,4,セ7>ハ,bd 7a 71 c9
03,$8336,$0C336,6,セせ>ハ・ム,bd 8d 71 c9 7f d0
03,$833E,$0C33E,3,3えよ,76 83 a5
03,$8344,$0C344,3,セせ>,bd 8d 71
03,$834C,$0C34C,3,7>よ,7a 71 a5
03,$8351,$0C351,3,せ>ア,8d 71 b0
03,$8357,$0C357,3,セせ>,bd 8d 71
03,$835C,$0C35C,4,セ7>ニ,bd 7a 71 c5
03,$8361,$0C361,3,セせ>,bd 8d 71
03,$8368,$0C368,4,セ7>か,bd 7a 71 85
03,$836D,$0C36D,4,セせ>か,bd 8d 71 85
03,$8384,$0C384,3,Zハか,69 c9 85
03,$838A,$0C38A,3,Z*か,69 6a 85
03,$8399,$0C399,3,Zハか,69 c9 85
03,$839F,$0C39F,3,Z*か,69 6a 85
03,$83A7,$0C3A7,3,7す、,7a 8c ae
03,$83C6,$0C3C6,3,Z1か,69 74 85
03,$83CC,$0C3CC,3,Z!か,69 6c 85
03,$83DC,$0C3DC,4,Zあせわ,69 80 8d ab
03,$83E6,$0C3E6,3,ヘあん,cc 80 ad
03,$8408,$0C408,6,Qセ!!ろを,60 bd 6c 6c aa ac
03,$841D,$0C41D,3,Z-か,69 6b 85
03,$842B,$0C42B,3,!!よ,6c 6c a5
03,$844E,$0C44E,4,ノあYか,c8 80 68 85
03,$8481,$0C481,3,Zハか,69 c9 85
03,$8487,$0C487,3,Z*か,69 6a 85
03,$8490,$0C490,6,Qセ!!ろを,60 bd 6c 6c aa ac
03,$84A6,$0C4A6,3,Z-か,69 6b 85
03,$84B4,$0C4B4,4,!!Yか,6c 6c 68 85
03,$8523,$0C523,3,カ1れ,b5 74 a9
03,$8545,$0C545,3,ナあれ,c4 80 a9
03,$855B,$0C55B,3,<かれ,70 85 a9
03,$8590,$0C590,3,ナあれ,c4 80 a9
03,$85A6,$0C5A6,3,シかれ,bb 85 a9
03,$85DB,$0C5DB,3,ナあれ,c4 80 a9
03,$868B,$0C68B,3,ん/>,ad 72 71
03,$8691,$0C691,7,せ/>ん3>V,8d 72 71 ad 76 71 65
03,$8699,$0C699,3,せ3>,8d 76 71
03,$869D,$0C69D,5,アきん/>,b0 86 ad 72 71
03,$86A5,$0C6A5,7,せ/>ん3>V,8d 72 71 ad 76 71 65
03,$86AD,$0C6AD,4,せ3>ん,8d 76 71 ad
03,$86B7,$0C6B7,3,ん~>,ad 73 71
03,$86BD,$0C6BD,7,せ~>ん4>V,8d 73 71 ad 77 71 65
03,$86C5,$0C6C5,3,せ4>,8d 77 71
03,$86C9,$0C6C9,5,ンきん~>,dc 86 ad 73 71
03,$86D1,$0C6D1,7,せ~>ん4>V,8d 73 71 ad 77 71 65
03,$86D9,$0C6D9,4,せ4>ん,8d 77 71 ad
03,$86E3,$0C6E3,3,ん1>,ad 74 71
03,$86E9,$0C6E9,7,せ1>ん5>V,8d 74 71 ad 78 71 65
03,$86F1,$0C6F1,3,せ5>,8d 78 71
03,$86F6,$0C6F6,4,くん1>,87 ad 74 71
03,$86FD,$0C6FD,7,せ1>ん5>V,8d 74 71 ad 78 71 65
03,$8705,$0C705,4,せ5>ん,8d 78 71 ad
03,$870F,$0C70F,3,ん2>,ad 75 71
03,$8715,$0C715,7,せ2>ん6>V,8d 75 71 ad 79 71 65
03,$871D,$0C71D,3,せ6>,8d 79 71
03,$8722,$0C722,4,くん2>,87 ad 75 71
03,$8729,$0C729,7,せ2>ん6>V,8d 75 71 ad 79 71 65
03,$8731,$0C731,5,せ6>Yか,8d 79 71 68 85
03,$8771,$0C771,3,なあよ,94 80 a5
03,$8781,$0C781,3,Iくれ,58 87 a9
03,$87A0,$0C7A0,3,なあよ,94 80 a5
03,$87B0,$0C7B0,3,くくれ,87 87 a9
03,$87CF,$0C7CF,3,なあよ,94 80 a5
03,$87DF,$0C7DF,3,キくれ,b6 87 a9
03,$87FE,$0C7FE,3,なあよ,94 80 a5
03,$883F,$0C83F,3,あけれ,80 88 a9
03,$8855,$0C855,3,あけれ,80 88 a9
03,$886B,$0C86B,3,あけれ,80 88 a9
03,$887F,$0C87F,3,あQよ,80 60 a5
03,$88B0,$0C8B0,3,ンあよ,dc 80 a5
03,$88BD,$0C8BD,4,Zあせわ,69 80 8d ab
03,$88DD,$0C8DD,4,Zあせわ,69 80 8d ab
03,$88F9,$0C8F9,4,Zあせわ,69 80 8d ab
03,$8905,$0C905,3,ユクよ,d4 b7 a5
03,$8910,$0C910,3,/イれ,72 b1 a9
03,$8941,$0C941,3,ヘあれ,cc 80 a9
03,$8953,$0C953,3,ヘあよ,cc 80 a5
03,$8965,$0C965,3,7これ,7a 89 a9
03,$897B,$0C97B,3,ンあよ,dc 80 a5
03,$8986,$0C986,4,Zあせわ,69 80 8d ab
03,$89AB,$0C9AB,4,Zあせわ,69 80 8d ab
03,$89C1,$0C9C1,4,こハあム,89 c9 80 d0
03,$89C9,$0C9C9,4,Zあせわ,69 80 8d ab
03,$89E7,$0C9E7,4,Zあせわ,69 80 8d ab
03,$8A01,$0CA01,4,Zあせわ,69 80 8d ab
03,$8A0D,$0CA0D,3,7すよ,7a 8c a5
03,$8A25,$0CA25,4,-ん9!,6b ad 7c 6c
03,$8A2B,$0CA2B,4,せ9!れ,8d 7c 6c a9
03,$8A48,$0CA48,3,なあよ,94 80 a5
03,$8A56,$0CA56,3,2さん,75 8a ad
03,$8A5E,$0CA5E,3,ちあん,90 80 ad
03,$8A78,$0CA78,3,ん<!,ad 70 6c
03,$8A7C,$0CA7C,3,?>!,6d 71 6c
03,$8A80,$0CA80,3,?/!,6d 72 6c
03,$8A84,$0CA84,3,?~!,6d 73 6c
03,$8A8A,$0CA8A,3,さしん,8a 8b ad
03,$8A94,$0CA94,3,さしん,8a 8b ad
03,$8AB7,$0CAB7,3,さしれ,8a 8b a9
03,$8AC9,$0CAC9,3,さしれ,8a 8b a9
03,$8ADD,$0CADD,3,さしも,8a 8b a2
03,$8B1A,$0CB1A,3,ム(ら,d0 6e a6
03,$8B40,$0CB40,3,Z1か,69 74 85
03,$8B46,$0CB46,3,Z!か,69 6c 85
03,$8B6A,$0CB6A,3,さしん,8a 8b ad
03,$8B75,$0CB75,3,さしん,8a 8b ad
03,$8B80,$0CB80,3,さしん,8a 8b ad
03,$8B89,$0CB89,3,QYか,60 68 85
03,$8BA0,$0CBA0,3,ん<!,ad 70 6c
03,$8BA4,$0CBA4,3,?>!,6d 71 6c
03,$8BA8,$0CBA8,3,?/!,6d 72 6c
03,$8BAC,$0CBAC,3,?~!,6d 73 6c
03,$8BB2,$0CBB2,3,Qすん,60 8c ad
03,$8BBC,$0CBBC,3,Qすれ,60 8c a9
03,$8BCC,$0CBCC,4,セ?すか,bd 6d 8c 85
03,$8BEF,$0CBEF,3,ナしよ,c4 8b a5
03,$8BF5,$0CBF5,3,ちZよ,90 69 a5
03,$8BFB,$0CBFB,3,ちTん,90 63 ad
03,$8C1C,$0CC1C,3,Qすん,60 8c ad
03,$8C33,$0CC33,3,Qすん,60 8c ad
03,$8C4A,$0CC4A,3,Qすん,60 8c ad
03,$8C5F,$0CC5F,3,QYか,60 68 85
03,$8CB8,$0CCB8,4,せん9!,8d ad 7c 6c
03,$8CC6,$0CCC6,4,せん9!,8d ad 7c 6c
03,$8CCC,$0CCCC,4,せ9!れ,8d 7c 6c a9
03,$8CD9,$0CCD9,7,QせU!ん<!,60 8d 64 6c ad 70 6c
03,$8CE1,$0CCE1,3,?>!,6d 71 6c
03,$8CE5,$0CCE5,3,?/!,6d 72 6c
03,$8CE9,$0CCE9,6,?~!せY!,6d 73 6c 8d 68 6c
03,$8D0C,$0CD0C,3,Z1か,69 74 85
03,$8D12,$0CD12,3,Z!か,69 6c 85
03,$8D39,$0CD39,3,Zおか,69 84 85
03,$8D3F,$0CD3F,3,Z~か,69 73 85
03,$8D53,$0CD53,3,Z~か,69 73 85
03,$8D83,$0CD83,3,ムあよ,d0 80 a5
03,$8D98,$0CD98,3,Z1か,69 74 85
03,$8D9E,$0CD9E,3,Z!か,69 6c 85
03,$8DB7,$0CDB7,3,ZUか,69 64 85
03,$8DBD,$0CDBD,3,Z!か,69 6c 85
03,$8DC4,$0CDC4,3,ん<!,ad 70 6c
03,$8DC8,$0CDC8,3,?>!,6d 71 6c
03,$8DCC,$0CDCC,3,?/!,6d 72 6c
03,$8DD0,$0CDD0,4,?~!も,6d 73 6c a2
03,$8DDA,$0CDDA,3,ZUか,69 64 85
03,$8DE0,$0CDE0,3,Z!か,69 6c 85
03,$8DF9,$0CDF9,3,7すよ,7a 8c a5
03,$8E47,$0CE47,3,そYか,8e 68 85
03,$8E51,$0CE51,7,せG>せH>れ,8d 56 71 8d 57 71 a9
03,$8E59,$0CE59,4,せI>れ,8d 58 71 a9
03,$8E5E,$0CE5E,3,せJ>,8d 59 71
03,$8E62,$0CE62,3,ムたよ,d0 8f a5
03,$8E82,$0CE82,3,ぬそよ,96 8e a5
03,$8E8F,$0CE8F,3,にそれ,95 8e a9
03,$8F14,$0CF14,3,Zハか,69 c9 85
03,$8F1A,$0CF1A,3,Z*か,69 6a 85
03,$8F4C,$0CF4C,5,ミたん<!,cf 8f ad 70 6c
03,$8F52,$0CF52,3,?>!,6d 71 6c
03,$8F56,$0CF56,3,?/!,6d 72 6c
03,$8F5A,$0CF5A,3,?~!,6d 73 6c
03,$8F64,$0CF64,3,ミたん,cf 8f ad
03,$8F7B,$0CF7B,3,ミたん,cf 8f ad
03,$8F8B,$0CF8B,3,ミたん,cf 8f ad
03,$8F9B,$0CF9B,3,ミたよ,cf 8f a5
03,$8FA8,$0CFA8,3,ミたハ,cf 8f c9
03,$8FB3,$0CFB3,3,ミたハ,cf 8f c9
03,$8FBE,$0CFBE,3,ミたハ,cf 8f c9
03,$8FC9,$0CFC9,3,ミたれ,cf 8f a9
03,$8FCF,$0CFCF,4,Qん9!,60 ad 7c 6c
03,$8FDD,$0CFDD,4,ちん0!,90 ad 7d 6c
03,$8FEB,$0CFEB,4,ちんX!,90 ad 7e 6c
03,$8FF9,$0CFF9,4,ちん・!,90 ad 7f 6c
03,$9016,$0D016,4,ほハ*ヒ,9d c9 6a ca
03,$901C,$0D01C,3,も4ほ,a2 77 9d
03,$9026,$0D026,4,ほへ!ヒ,9d 9c 6c ca
03,$9030,$0D030,7,ほ!!ほ<!ほ,9d 6c 6c 9d 70 6c 9d
03,$9055,$0D055,4,ほ1!ヒ,9d 74 6c ca
03,$907D,$0D07D,3,QQ、,60 60 ae
03,$9081,$0D081,5,Qセせ-せ,60 bd 8d 6b 8d
03,$9092,$0D092,3,Zハか,69 c9 85
03,$9098,$0D098,3,Z*か,69 6a 85
03,$90AA,$0D0AA,3,をちも,ac 90 a2
03,$90B2,$0D0B2,4,あYろよ,80 68 aa a5
03,$90B7,$0D0B7,3,ハけち,c9 88 90
03,$90BF,$0D0BF,4,クちるセ,b7 90 a8 bd
03,$90CB,$0D0CB,3,*Yは,6a 68 99
03,$90D2,$0D0D2,5,けちレQも,88 90 d9 60 a2
03,$90DA,$0D0DA,5,*ほせ-ヒ,6a 9d 8d 6b ca
03,$90E3,$0D0E3,7,セく*ほヤ-ヒ,bd 87 6a 9d d3 6b ca
03,$90EE,$0D0EE,7,セし*ほリ-ヒ,bd 8b 6a 9d d7 6b ca
03,$90F9,$0D0F9,7,セち*ほン-ヒ,bd 90 6a 9d dc 6b ca
03,$9104,$0D104,7,セに*ほハ*ヒ,bd 95 6a 9d c9 6a ca
03,$910D,$0D10D,4,Qん5!,60 ad 78 6c
03,$9112,$0D112,7,タせ5!ん6!,bf 8d 78 6c ad 79 6c
03,$911A,$0D11A,7,タせ6!ん7!,bf 8d 79 6c ad 7a 6c
03,$9122,$0D122,7,タせ7!ん8!,bf 8d 7a 6c ad 7b 6c
03,$912A,$0D12A,6,タせ8!Qん,bf 8d 7b 6c 60 ad
03,$9135,$0D135,3,6なん,79 94 ad
03,$913D,$0D13D,3,6なれ,79 94 a9
03,$914C,$0D14C,4,Qセ!!,60 bd 6c 6c
03,$915B,$0D15B,3,Yいれ,68 81 a9
03,$9175,$0D175,4,Zあせわ,69 80 8d ab
03,$9193,$0D193,3,!いれ,6c 81 a9
03,$91CD,$0D1CD,3,ウ1ん,b2 74 ad
03,$923C,$0D23C,3,!いれ,6c 81 a9
03,$925F,$0D25F,4,Zあせわ,69 80 8d ab
03,$929D,$0D29D,4,Zあせわ,69 80 8d ab
03,$92C1,$0D2C1,4,Zあせわ,69 80 8d ab
03,$92DF,$0D2DF,4,Zあせわ,69 80 8d ab
03,$92EF,$0D2EF,3,アとん,b0 93 ad
03,$9308,$0D308,3,!いれ,6c 81 a9
03,$932B,$0D32B,4,Zあせわ,69 80 8d ab
03,$9331,$0D331,3,アとれ,b0 93 a9
03,$9369,$0D369,4,Zあせわ,69 80 8d ab
03,$9375,$0D375,3,アとれ,b0 93 a9
03,$938D,$0D38D,4,Zあせわ,69 80 8d ab
03,$9393,$0D393,3,アとれ,b0 93 a9
03,$93AB,$0D3AB,4,Zあせわ,69 80 8d ab
03,$93B8,$0D3B8,3,6なん,79 94 ad
03,$93D1,$0D3D1,3,!いれ,6c 81 a9
03,$93F4,$0D3F4,4,Zあせわ,69 80 8d ab
03,$93FA,$0D3FA,3,6なれ,79 94 a9
03,$9432,$0D432,4,Zあせわ,69 80 8d ab
03,$943E,$0D43E,3,6なれ,79 94 a9
03,$9456,$0D456,4,Zあせわ,69 80 8d ab
03,$945C,$0D45C,3,6なれ,79 94 a9
03,$9474,$0D474,4,Zあせわ,69 80 8d ab
03,$9482,$0D482,3,ヘあれ,cc 80 a9
03,$9489,$0D489,3,ルあれ,d8 80 a9
03,$949A,$0D49A,3,ヘあれ,cc 80 a9
03,$94A1,$0D4A1,3,ルあれ,d8 80 a9
03,$94B2,$0D4B2,3,ヘあれ,cc 80 a9
03,$94B9,$0D4B9,4,ルあQよ,d8 80 60 a5
03,$951C,$0D51C,3,Hにれ,57 95 a9
03,$952F,$0D52F,3,Hにれ,57 95 a9
03,$9534,$0D534,4,Zあせわ,69 80 8d ab
03,$9543,$0D543,3,ハなよ,c9 94 a5
03,$954C,$0D54C,3,QYか,60 68 85
03,$9560,$0D560,3,あQれ,80 60 a9
03,$956C,$0D56C,5,あQれケか,80 60 a9 b8 85
03,$9572,$0D572,3,れ/か,a9 72 85
03,$9581,$0D581,5,ろセモにか,aa bd d2 95 85
03,$9587,$0D587,4,セヤにか,bd d3 95 85
03,$959B,$0D59B,5,ろセモにか,aa bd d2 95 85
03,$95A1,$0D5A1,4,セヤにか,bd d3 95 85
03,$9633,$0D633,3,~ぬよ,73 96 a5
03,$9640,$0D640,3,~ぬよ,73 96 a5
03,$9652,$0D652,3,~ぬよ,73 96 a5
03,$9664,$0D664,3,~ぬよ,73 96 a5
03,$9671,$0D671,4,~ぬYか,73 96 68 85
03,$968A,$0D68A,4,タのQよ,bf 98 60 a5
03,$9697,$0D697,3,れQか,a9 60 85
03,$96A8,$0D6A8,3,ハあム,c9 80 d0
03,$96B5,$0D6B5,4,セツぬほ,bd c1 96 9d
03,$974D,$0D74D,6,ほむ>ほノ>,9d a0 71 9d c8 71
03,$975A,$0D75A,8,ほむ>れあほノ>,9d a0 71 a9 80 9d c8 71
03,$9774,$0D774,6,セVのほム!,bd 65 98 9d d0 6c
03,$9781,$0D781,3,ほム!,9d d0 6c
03,$979C,$0D79C,6,ほY/ほち/,9d 68 72 9d 90 72
03,$97AB,$0D7AB,3,ほチ?,9d c0 6d
03,$97B5,$0D7B5,3,ほチ?,9d c0 6d
03,$97BB,$0D7BB,3,ほチ?,9d c0 6d
03,$97C1,$0D7C1,3,ほチ?,9d c0 6d
03,$97C7,$0D7C7,3,ほチ?,9d c0 6d
03,$97CD,$0D7CD,3,ほチ?,9d c0 6d
03,$97D9,$0D7D9,3,ほQ(,9d 60 6e
03,$97F1,$0D7F1,4,ほラ)ほ,9d d6 6f 9d
03,$9802,$0D802,4,<ほぬ<,70 9d 96 70
03,$9813,$0D813,16,はお~はか~はき~はく~セめのは,99 84 73 99 85 73 99 86 73 99 87 73 bd a1 98 99
03,$9831,$0D831,3,ちロも,90 da a2
03,$9837,$0D837,3,ほア1,9d b0 74
03,$9864,$0D864,3,Qし、,60 8b ae
03,$98EF,$0D8EF,4,せK>れ,8d 5a 71 a9
03,$98F4,$0D8F4,4,せL>れ,8d 5b 71 a9
03,$98F9,$0D8F9,4,せM>れ,8d 5c 71 a9
03,$98FE,$0D8FE,4,せN>Q,8d 5d 71 60
03,$9903,$0D903,3,ンあよ,dc 80 a5
03,$990E,$0D90E,4,Zあせわ,69 80 8d ab
03,$9939,$0D939,3,シはゆ,bb 99 a4
03,$9943,$0D943,3,Z1か,69 74 85
03,$9949,$0D949,3,Z!か,69 6c 85
03,$9958,$0D958,3,ムKゆ,d0 5a a4
03,$9962,$0D962,3,ZUか,69 64 85
03,$9968,$0D968,3,Z!か,69 6c 85
03,$9978,$0D978,3,ZUか,69 64 85
03,$997E,$0D97E,3,Z!か,69 6c 85
03,$9986,$0D986,3,ん<!,ad 70 6c
03,$998A,$0D98A,3,?>!,6d 71 6c
03,$998E,$0D98E,3,?/!,6d 72 6c
03,$9992,$0D992,4,?~!ニ,6d 73 6c c5
03,$99A0,$0D9A0,3,セ/>,bd 72 71
03,$99A6,$0D9A6,7,ほ/>セ3>Z,9d 72 71 bd 76 71 69
03,$99AE,$0D9AE,3,ほ3>,9d 76 71
03,$99C5,$0D9C5,3,?みん,6d 9f ad
03,$99D3,$0D9D3,3,?みよ,6d 9f a5
03,$99EF,$0D9EF,3,Jふハ,59 9b c9
03,$9A05,$0DA05,6,Gふん/>か,56 9b ad 72 71 85
03,$9A0C,$0DA0C,4,ん3>か,ad 76 71 85
03,$9AC9,$0DAC9,4,せ/>よ,8d 72 71 a5
03,$9ACE,$0DACE,4,せ3>ん,8d 76 71 ad
03,$9AD8,$0DAD8,3,ん~>,ad 73 71
03,$9ADE,$0DADE,7,Qせ~>ん4>,60 8d 73 71 ad 77 71
03,$9AE7,$0DAE7,6,せ4>ん1>,8d 77 71 ad 74 71
03,$9AF0,$0DAF0,7,Qせ1>ん5>,60 8d 74 71 ad 78 71
03,$9AF9,$0DAF9,6,せ5>ん2>,8d 78 71 ad 75 71
03,$9B02,$0DB02,7,Qせ2>ん6>,60 8d 75 71 ad 79 71
03,$9B0B,$0DB0B,3,せ6>,8d 79 71
03,$9B0F,$0DB0F,3,Cふ、,52 9b ae
03,$9B13,$0DB13,5,Qセ/>か,60 bd 72 71 85
03,$9B19,$0DB19,4,セ3>か,bd 76 71 85
03,$9B4A,$0DB4A,4,ほ/>よ,9d 72 71 a5
03,$9B4F,$0DB4F,4,ほ3>れ,9d 76 71 a9
03,$9B57,$0DB57,3,*みん,6a 9f ad
03,$9B61,$0DB61,6,ウへん~>か,b2 9c ad 73 71 85
03,$9B68,$0DB68,4,ん4>か,ad 77 71 85
03,$9C25,$0DC25,4,せ~>よ,8d 73 71 a5
03,$9C2A,$0DC2A,4,せ4>ん,8d 77 71 ad
03,$9C34,$0DC34,3,ん/>,ad 72 71
03,$9C3A,$0DC3A,7,Qせ/>ん3>,60 8d 72 71 ad 76 71
03,$9C43,$0DC43,6,せ3>ん1>,8d 76 71 ad 74 71
03,$9C4C,$0DC4C,7,Qせ1>ん5>,60 8d 74 71 ad 78 71
03,$9C55,$0DC55,6,せ5>ん2>,8d 78 71 ad 75 71
03,$9C5E,$0DC5E,7,Qせ2>ん6>,60 8d 75 71 ad 79 71
03,$9C67,$0DC67,3,せ6>,8d 79 71
03,$9C6B,$0DC6B,3,、へ、,ae 9c ae
03,$9C6F,$0DC6F,5,Qセ/>か,60 bd 72 71 85
03,$9C75,$0DC75,4,セ3>か,bd 76 71 85
03,$9CA6,$0DCA6,4,ほ/>よ,9d 72 71 a5
03,$9CAB,$0DCAB,4,ほ3>れ,9d 76 71 a9
03,$9CB3,$0DCB3,3,*みん,6a 9f ad
03,$9CBE,$0DCBE,5,まん1>か,9e ad 74 71 85
03,$9CC4,$0DCC4,4,ん5>か,ad 78 71 85
03,$9D81,$0DD81,4,せ1>よ,8d 74 71 a5
03,$9D86,$0DD86,4,せ5>ん,8d 78 71 ad
03,$9D90,$0DD90,3,ん~>,ad 73 71
03,$9D96,$0DD96,7,Qせ~>ん4>,60 8d 73 71 ad 77 71
03,$9D9F,$0DD9F,6,せ4>ん/>,8d 77 71 ad 72 71
03,$9DA8,$0DDA8,7,Qせ/>ん3>,60 8d 72 71 ad 76 71
03,$9DB1,$0DDB1,6,せ3>ん2>,8d 76 71 ad 75 71
03,$9DBA,$0DDBA,7,Qせ2>ん6>,60 8d 75 71 ad 79 71
03,$9DC3,$0DDC3,3,せ6>,8d 79 71
03,$9DCB,$0DDCB,5,Qセ/>か,60 bd 72 71 85
03,$9DD1,$0DDD1,4,セ3>か,bd 76 71 85
03,$9E02,$0DE02,4,ほ/>よ,9d 72 71 a5
03,$9E07,$0DE07,4,ほ3>れ,9d 76 71 a9
03,$9E0F,$0DE0F,3,*みん,6a 9f ad
03,$9E19,$0DE19,6,*みん2>か,6a 9f ad 75 71 85
03,$9E20,$0DE20,4,ん6>か,ad 79 71 85
03,$9EDD,$0DEDD,4,せ2>よ,8d 75 71 a5
03,$9EE2,$0DEE2,4,せ6>ん,8d 79 71 ad
03,$9EEC,$0DEEC,3,ん~>,ad 73 71
03,$9EF2,$0DEF2,7,Qせ~>ん4>,60 8d 73 71 ad 77 71
03,$9EFB,$0DEFB,6,せ4>ん1>,8d 77 71 ad 74 71
03,$9F04,$0DF04,7,Qせ1>ん5>,60 8d 74 71 ad 78 71
03,$9F0D,$0DF0D,6,せ5>ん/>,8d 78 71 ad 72 71
03,$9F16,$0DF16,7,Qせ/>ん3>,60 8d 72 71 ad 76 71
03,$9F1F,$0DF1F,3,せ3>,8d 76 71
03,$9F23,$0DF23,3,Wみ、,66 9f ae
03,$9F27,$0DF27,5,Qセ/>か,60 bd 72 71 85
03,$9F2D,$0DF2D,4,セ3>か,bd 76 71 85
03,$9F5E,$0DF5E,4,ほ/>よ,9d 72 71 a5
03,$9F63,$0DF63,4,ほ3>れ,9d 76 71 a9
03,$9F6B,$0DF6B,5,ヘはん/>,cc 99 ad 72 71
03,$9F83,$0DF83,3,6>ム,79 71 d0
03,$9F8C,$0DF8C,3,ほみよ,9d 9f a5
03,$9FB8,$0DFB8,3,QQん,60 60 ad
03,$9FC0,$0DFC0,3,ソむん,be a0 ad
03,$9FD5,$0DFD5,3,けむん,88 a0 ad
03,$9FF4,$0DFF4,3,ソむん,be a0 ad
03,$9FFE,$0DFFE,3,ソむれ,be a0 a9
03,$A011,$0E011,3,ソむん,be a0 ad
03,$A030,$0E030,3,ソむん,be a0 ad
03,$A03A,$0E03A,3,ソむれ,be a0 a9
03,$A04D,$0E04D,3,ソむん,be a0 ad
03,$A06C,$0E06C,3,ソむん,be a0 ad
03,$A086,$0E086,3,ソむん,be a0 ad
03,$A0A5,$0E0A5,3,ソむん,be a0 ad
03,$A0C4,$0E0C4,4,セ(>ハ,bd 6e 71 c9
03,$A0CD,$0E0CD,4,セ*>ハ,bd 6a 71 c9
03,$A0EB,$0E0EB,3,QQよ,60 60 a5
03,$A107,$0E107,3,ノあよ,c8 80 a5
03,$A115,$0E115,3,ナあよ,c4 80 a5
03,$A12D,$0E12D,4,ノあYか,c8 80 68 85
03,$A177,$0E177,3,ノあよ,c8 80 a5
03,$A185,$0E185,3,ナあよ,c4 80 a5
03,$A1B7,$0E1B7,4,ノあYか,c8 80 68 85
03,$A1F4,$0E1F4,3,ノあよ,c8 80 a5
03,$A202,$0E202,3,ナあよ,c4 80 a5
03,$A227,$0E227,4,ノあYか,c8 80 68 85
03,$A257,$0E257,3,ノあよ,c8 80 a5
03,$A265,$0E265,3,ナあよ,c4 80 a5
03,$A27D,$0E27D,3,ノあよ,c8 80 a5
03,$A296,$0E296,3,ケあヌ,b8 80 c6
03,$A29D,$0E29D,3,ケあヌ,b8 80 c6
03,$A2A4,$0E2A4,3,ケあよ,b8 80 a5
03,$A2CB,$0E2CB,3,ケあよ,b8 80 a5
03,$A2DD,$0E2DD,3,Zハか,69 c9 85
03,$A2E3,$0E2E3,3,Z*か,69 6a 85
03,$A2F0,$0E2F0,3,Zハか,69 c9 85
03,$A2F6,$0E2F6,3,Z*か,69 6a 85
03,$A307,$0E307,3,Zハか,69 c9 85
03,$A30D,$0E30D,3,Z*か,69 6a 85
03,$A31D,$0E31D,6,Qソ!!ヒさ,60 be 6c 6c ca 8a
03,$A32C,$0E32C,3,Z-か,69 6b 85
03,$A340,$0E340,3,-Qよ,6b 60 a5
03,$A34D,$0E34D,3,なれよ,94 a9 a5
03,$A36A,$0E36A,3,9よよ,7c a5 a5
03,$A38D,$0E38D,3,2よれ,75 a5 a9
03,$A392,$0E392,4,Zあせわ,69 80 8d ab
03,$A3A5,$0E3A5,3,れあか,a9 80 85
03,$A3D4,$0E3D4,3,<!れ,70 6c a9
03,$A3E0,$0E3E0,3,2よれ,75 a5 a9
03,$A3E7,$0E3E7,3,なれよ,94 a9 a5
03,$A3F0,$0E3F0,6,Xゆん>!ハ,67 a4 ad 71 6c c9
03,$A3FE,$0E3FE,3,2よれ,75 a5 a9
03,$A405,$0E405,3,Vらよ,65 a6 a5
03,$A40B,$0E40B,3,ムDれ,d0 53 a9
03,$A410,$0E410,4,Zあせわ,69 80 8d ab
03,$A423,$0E423,3,れあか,a9 80 85
03,$A452,$0E452,3,>!れ,71 6c a9
03,$A45E,$0E45E,3,2よれ,75 a5 a9
03,$A465,$0E465,3,2よれ,75 a5 a9
03,$A46C,$0E46C,3,なれよ,94 a9 a5
03,$A476,$0E476,5,ゆん/!ハ,a4 ad 72 6c c9
03,$A483,$0E483,3,2よれ,75 a5 a9
03,$A48A,$0E48A,3,Vらよ,65 a6 a5
03,$A490,$0E490,3,ムDれ,d0 53 a9
03,$A495,$0E495,4,Zあせわ,69 80 8d ab
03,$A4A8,$0E4A8,3,れあか,a9 80 85
03,$A4D7,$0E4D7,3,/!れ,72 6c a9
03,$A4E3,$0E4E3,3,2よれ,75 a5 a9
03,$A4EA,$0E4EA,3,2よれ,75 a5 a9
03,$A4F1,$0E4F1,3,なれよ,94 a9 a5
03,$A4FA,$0E4FA,6,>よん~!ハ,71 a5 ad 73 6c c9
03,$A508,$0E508,3,2よれ,75 a5 a9
03,$A50F,$0E50F,3,Vらよ,65 a6 a5
03,$A515,$0E515,3,ムDれ,d0 53 a9
03,$A51A,$0E51A,4,Zあせわ,69 80 8d ab
03,$A52D,$0E52D,3,れあか,a9 80 85
03,$A55C,$0E55C,3,~!れ,73 6c a9
03,$A568,$0E568,3,2よれ,75 a5 a9
03,$A56F,$0E56F,3,2よれ,75 a5 a9
03,$A5F0,$0E5F0,3,ヘあれ,cc 80 a9
03,$A605,$0E605,3,ンあよ,dc 80 a5
03,$A610,$0E610,4,Zあせわ,69 80 8d ab
03,$A625,$0E625,3,Lらよ,5b a6 a5
03,$A630,$0E630,4,Zあせわ,69 80 8d ab
03,$A645,$0E645,3,Lらよ,5b a6 a5
03,$A650,$0E650,4,Zあせわ,69 80 8d ab
03,$A659,$0E659,4,すよYか,8c a5 68 85
03,$A67A,$0E67A,3,Uりん,64 a7 ad
03,$A6E5,$0E6E5,3,Uりら,64 a7 a6
03,$A6F8,$0E6F8,3,リサん,d7 ba ad
03,$A708,$0E708,3,れあほ,a9 80 9d
03,$A717,$0E717,3,Uりん,64 a7 ad
03,$A728,$0E728,3,れあほ,a9 80 9d
03,$A737,$0E737,3,Uりん,64 a7 ad
03,$A74B,$0E74B,3,Qりら,60 a7 a6
03,$A74F,$0E74F,3,れあほ,a9 80 9d
03,$A75E,$0E75E,3,Uりれ,64 a7 a9
03,$A77A,$0E77A,3,Zへか,69 9c 85
03,$A780,$0E780,3,Z!か,69 6c 85
03,$A797,$0E797,3,Zへか,69 9c 85
03,$A79D,$0E79D,3,Z!か,69 6c 85
03,$A7AC,$0E7AC,3,Zへか,69 9c 85
03,$A7B2,$0E7B2,3,Z!か,69 6c 85
03,$A7BC,$0E7BC,3,セ<!,bd 70 6c
03,$A7C1,$0E7C1,5,0<!ろゆ,7d 70 6c aa a4
03,$A7CE,$0E7CE,3,Zへか,69 9c 85
03,$A7D4,$0E7D4,3,Z!か,69 6c 85
03,$A7E3,$0E7E3,3,Zへか,69 9c 85
03,$A7E9,$0E7E9,3,Z!か,69 6c 85
03,$A7F8,$0E7F8,3,Zへか,69 9c 85
03,$A7FE,$0E7FE,3,Z!か,69 6c 85
03,$A81E,$0E81E,3,めるら,a1 a8 a6
03,$A822,$0E822,3,セ<!,bd 70 6c
03,$A827,$0E827,5,0<!ろゆ,7d 70 6c aa a4
03,$A837,$0E837,3,Zへか,69 9c 85
03,$A83D,$0E83D,3,Z!か,69 6c 85
03,$A84A,$0E84A,3,Zへか,69 9c 85
03,$A850,$0E850,3,Z!か,69 6c 85
03,$A85D,$0E85D,3,Zへか,69 9c 85
03,$A863,$0E863,3,Z!か,69 6c 85
03,$A87C,$0E87C,3,セ<!,bd 70 6c
03,$A881,$0E881,3,0<!,7d 70 6c
03,$A88E,$0E88E,3,Zへか,69 9c 85
03,$A894,$0E894,3,Z!か,69 6c 85
03,$A8A3,$0E8A3,3,セ<!,bd 70 6c
03,$A8A8,$0E8A8,5,0<!ろゆ,7d 70 6c aa a4
03,$A8B8,$0E8B8,3,Zへか,69 9c 85
03,$A8BE,$0E8BE,3,Z!か,69 6c 85
03,$A8CD,$0E8CD,3,Zへか,69 9c 85
03,$A8D3,$0E8D3,3,Z!か,69 6c 85
03,$A8E5,$0E8E5,3,Zへか,69 9c 85
03,$A8EB,$0E8EB,3,Z!か,69 6c 85
03,$A904,$0E904,3,セ<!,bd 70 6c
03,$A909,$0E909,3,0<!,7d 70 6c
03,$A916,$0E916,3,Zへか,69 9c 85
03,$A91C,$0E91C,3,Z!か,69 6c 85
03,$A949,$0E949,3,Zハか,69 c9 85
03,$A94F,$0E94F,3,Z*か,69 6a 85
03,$A95D,$0E95D,3,Zハか,69 c9 85
03,$A963,$0E963,3,Z*か,69 6a 85
03,$A974,$0E974,3,れQも,a9 60 a2
03,$A991,$0E991,4,5れQよ,78 a9 60 a5
03,$A9C6,$0E9C6,3,Z1か,69 74 85
03,$A9CC,$0E9CC,3,Z!か,69 6c 85
03,$AA5E,$0EA5E,3,を。ん,ac af ad
03,$AA8F,$0EA8F,3,を。れ,ac af a9
03,$AA94,$0EA94,4,Zあせわ,69 80 8d ab
03,$AAB9,$0EAB9,3,れあか,a9 80 85
03,$AAD3,$0EAD3,3,れあか,a9 80 85
03,$AAEE,$0EAEE,3,Zハか,69 c9 85
03,$AAF4,$0EAF4,3,Z*か,69 6a 85
03,$AB04,$0EB04,3,セ<!,bd 70 6c
03,$AB09,$0EB09,5,0<!ろゆ,7d 70 6c aa a4
03,$AB1C,$0EB1C,3,Zへか,69 9c 85
03,$AB22,$0EB22,3,Z!か,69 6c 85
03,$AB37,$0EB37,3,Zへか,69 9c 85
03,$AB3D,$0EB3D,3,Z!か,69 6c 85
03,$AB51,$0EB51,3,Zへか,69 9c 85
03,$AB57,$0EB57,3,Z!か,69 6c 85
03,$AB68,$0EB68,3,<!よ,70 6c a5
03,$AB7F,$0EB7F,3,れあか,a9 80 85
03,$AB97,$0EB97,3,れあか,a9 80 85
03,$ABB2,$0EBB2,3,Zハか,69 c9 85
03,$ABB8,$0EBB8,3,Z*か,69 6a 85
03,$ABC8,$0EBC8,3,セ<!,bd 70 6c
03,$ABCD,$0EBCD,5,0<!ろゆ,7d 70 6c aa a4
03,$ABE0,$0EBE0,3,Zへか,69 9c 85
03,$ABE6,$0EBE6,3,Z!か,69 6c 85
03,$ABFB,$0EBFB,3,Zへか,69 9c 85
03,$AC01,$0EC01,3,Z!か,69 6c 85
03,$AC15,$0EC15,3,Zへか,69 9c 85
03,$AC1B,$0EC1B,3,Z!か,69 6c 85
03,$AC2C,$0EC2C,3,<!よ,70 6c a5
03,$AC43,$0EC43,3,れあか,a9 80 85
03,$AC5D,$0EC5D,3,れあか,a9 80 85
03,$AC78,$0EC78,3,Zハか,69 c9 85
03,$AC7E,$0EC7E,3,Z*か,69 6a 85
03,$AC8E,$0EC8E,3,セ<!,bd 70 6c
03,$AC93,$0EC93,5,0<!ろゆ,7d 70 6c aa a4
03,$ACA6,$0ECA6,3,Zへか,69 9c 85
03,$ACAC,$0ECAC,3,Z!か,69 6c 85
03,$ACC1,$0ECC1,3,Zへか,69 9c 85
03,$ACC7,$0ECC7,3,Z!か,69 6c 85
03,$ACDB,$0ECDB,3,Zへか,69 9c 85
03,$ACE1,$0ECE1,3,Z!か,69 6c 85
03,$ACF2,$0ECF2,3,<!よ,70 6c a5
03,$ACFE,$0ECFE,3,を。ん,ac af ad
03,$AD1C,$0ED1C,3,を。よ,ac af a5
03,$AD27,$0ED27,3,ス。よ,bc af a5
03,$AD30,$0ED30,3,る。れ,a8 af a9
03,$AD35,$0ED35,4,Zあせわ,69 80 8d ab
03,$AD52,$0ED52,3,め。よ,a1 af a5
03,$AD61,$0ED61,3,れあか,a9 80 85
03,$AD7B,$0ED7B,3,れあか,a9 80 85
03,$AD96,$0ED96,3,Zハか,69 c9 85
03,$AD9C,$0ED9C,3,Z*か,69 6a 85
03,$ADAC,$0EDAC,3,セ<!,bd 70 6c
03,$ADB1,$0EDB1,5,0<!ろゆ,7d 70 6c aa a4
03,$ADC4,$0EDC4,3,Zへか,69 9c 85
03,$ADCA,$0EDCA,3,Z!か,69 6c 85
03,$ADDF,$0EDDF,3,Zへか,69 9c 85
03,$ADE5,$0EDE5,3,Z!か,69 6c 85
03,$ADF9,$0EDF9,3,Zへか,69 9c 85
03,$ADFF,$0EDFF,3,Z!か,69 6c 85
03,$AE10,$0EE10,3,<!よ,70 6c a5
03,$AE18,$0EE18,3,め。よ,a1 af a5
03,$AE27,$0EE27,3,れあか,a9 80 85
03,$AE3F,$0EE3F,3,れあか,a9 80 85
03,$AE5A,$0EE5A,3,Zハか,69 c9 85
03,$AE60,$0EE60,3,Z*か,69 6a 85
03,$AE70,$0EE70,3,セ<!,bd 70 6c
03,$AE75,$0EE75,5,0<!ろゆ,7d 70 6c aa a4
03,$AE88,$0EE88,3,Zへか,69 9c 85
03,$AE8E,$0EE8E,3,Z!か,69 6c 85
03,$AEA3,$0EEA3,3,Zへか,69 9c 85
03,$AEA9,$0EEA9,3,Z!か,69 6c 85
03,$AEBD,$0EEBD,3,Zへか,69 9c 85
03,$AEC3,$0EEC3,3,Z!か,69 6c 85
03,$AED4,$0EED4,3,<!よ,70 6c a5
03,$AEDC,$0EEDC,3,め。よ,a1 af a5
03,$AEEB,$0EEEB,3,れあか,a9 80 85
03,$AF05,$0EF05,3,れあか,a9 80 85
03,$AF20,$0EF20,3,Zハか,69 c9 85
03,$AF26,$0EF26,3,Z*か,69 6a 85
03,$AF36,$0EF36,3,セ<!,bd 70 6c
03,$AF3B,$0EF3B,5,0<!ろゆ,7d 70 6c aa a4
03,$AF4E,$0EF4E,3,Zへか,69 9c 85
03,$AF54,$0EF54,3,Z!か,69 6c 85
03,$AF69,$0EF69,3,Zへか,69 9c 85
03,$AF6F,$0EF6F,3,Z!か,69 6c 85
03,$AF83,$0EF83,3,Zへか,69 9c 85
03,$AF89,$0EF89,3,Z!か,69 6c 85
03,$AF9A,$0EF9A,3,<!よ,70 6c a5
03,$AFA6,$0EFA6,3,を。れ,ac af a9
03,$B04B,$0F04B,3,Vイん,65 b1 ad
03,$B05F,$0F05F,3,Vイん,65 b1 ad
03,$B07B,$0F07B,3,Z1か,69 74 85
03,$B081,$0F081,3,Z!か,69 6c 85
03,$B090,$0F090,3,Vイれ,65 b1 a9
03,$B135,$0F135,3,Vイよ,65 b1 a5
03,$B18F,$0F18F,3,ユクよ,d4 b7 a5
03,$B1A3,$0F1A3,5,とエん9!,93 b3 ad 7c 6c
03,$B1CA,$0F1CA,3,とエも,93 b3 a2
03,$B1D8,$0F1D8,3,Zハか,69 c9 85
03,$B1DE,$0F1DE,3,Z*か,69 6a 85
03,$B1E9,$0F1E9,3,マイん,ce b1 ad
03,$B20E,$0F20E,3,Zハか,69 c9 85
03,$B214,$0F214,3,Z*か,69 6a 85
03,$B244,$0F244,3,ちスよ,90 bc a5
03,$B25A,$0F25A,3,チウれ,c0 b2 a9
03,$B25F,$0F25F,4,Zあせわ,69 80 8d ab
03,$B287,$0F287,3,サりれ,ba a7 a9
03,$B299,$0F299,5,Qセヤ-せ,60 bd d3 6b 8d
03,$B2A7,$0F2A7,3,<!れ,70 6c a9
03,$B2B0,$0F2B0,4,いん5!,81 ad 78 6c
03,$B2B6,$0F2B6,4,せ5!れ,8d 78 6c a9
03,$B2BE,$0F2BE,3,とエれ,93 b3 a9
03,$B2C3,$0F2C3,4,Zあせわ,69 80 8d ab
03,$B2D0,$0F2D0,3,れチか,a9 c0 85
03,$B2E5,$0F2E5,3,れチか,a9 c0 85
03,$B300,$0F300,3,Yりれ,68 a7 a9
03,$B308,$0F308,4,いん5!,81 ad 78 6c
03,$B30D,$0F30D,7,あせ5!ん6!,80 8d 78 6c ad 79 6c
03,$B315,$0F315,7,あせ6!ん7!,80 8d 79 6c ad 7a 6c
03,$B31D,$0F31D,7,あせ7!ん8!,80 8d 7a 6c ad 7b 6c
03,$B325,$0F325,5,あせ8!よ,80 8d 7b 6c a5
03,$B331,$0F331,3,ロケん,da b8 ad
03,$B342,$0F342,5,とエん5!,93 b3 ad 78 6c
03,$B348,$0F348,7,・せ5!ん6!,7f 8d 78 6c ad 79 6c
03,$B350,$0F350,7,・せ6!ん7!,7f 8d 79 6c ad 7a 6c
03,$B358,$0F358,7,・せ7!ん8!,7f 8d 7a 6c ad 7b 6c
03,$B360,$0F360,5,・せ8!れ,7f 8d 7b 6c a9
03,$B36D,$0F36D,5,Qセヤ-せ,60 bd d3 6b 8d
03,$B386,$0F386,4,いん5!,81 ad 78 6c
03,$B38C,$0F38C,4,せ5!れ,8d 78 6c a9
03,$B3B4,$0F3B4,3,Sオん,62 b4 ad
03,$B3BE,$0F3BE,3,Sオん,62 b4 ad
03,$B3E7,$0F3E7,3,Sオれ,62 b4 a9
03,$B3EC,$0F3EC,4,Zあせわ,69 80 8d ab
03,$B3FF,$0F3FF,3,れチか,a9 c0 85
03,$B419,$0F419,3,チめれ,c0 a1 a9
03,$B436,$0F436,5,Qセヤ-せ,60 bd d3 6b 8d
03,$B449,$0F449,3,<!れ,70 6c a9
03,$B452,$0F452,4,いん5!,81 ad 78 6c
03,$B458,$0F458,4,せ5!れ,8d 78 6c a9
03,$B483,$0F483,4,Zあせわ,69 80 8d ab
03,$B496,$0F496,3,れチか,a9 c0 85
03,$B4B0,$0F4B0,3,チめれ,c0 a1 a9
03,$B4CD,$0F4CD,5,Qセヤ-せ,60 bd d3 6b 8d
03,$B4E0,$0F4E0,3,>!れ,71 6c a9
03,$B4E9,$0F4E9,4,いん6!,81 ad 79 6c
03,$B4EF,$0F4EF,4,せ6!れ,8d 79 6c a9
03,$B507,$0F507,3,ちカれ,90 b5 a9
03,$B515,$0F515,3,ちカれ,90 b5 a9
03,$B51A,$0F51A,4,Zあせわ,69 80 8d ab
03,$B52D,$0F52D,3,れチか,a9 c0 85
03,$B547,$0F547,3,チめれ,c0 a1 a9
03,$B564,$0F564,5,Qセヤ-せ,60 bd d3 6b 8d
03,$B577,$0F577,3,/!れ,72 6c a9
03,$B580,$0F580,4,いん7!,81 ad 7a 6c
03,$B586,$0F586,4,せ7!れ,8d 7a 6c a9
03,$B5B1,$0F5B1,4,Zあせわ,69 80 8d ab
03,$B5C4,$0F5C4,3,れチか,a9 c0 85
03,$B5DE,$0F5DE,3,チめれ,c0 a1 a9
03,$B5FB,$0F5FB,5,Qセヤ-せ,60 bd d3 6b 8d
03,$B60E,$0F60E,3,~!れ,73 6c a9
03,$B617,$0F617,4,いん8!,81 ad 7b 6c
03,$B61D,$0F61D,4,せ8!れ,8d 7b 6c a9
03,$B684,$0F684,3,ヘあれ,cc 80 a9
03,$B699,$0F699,3,ンあよ,dc 80 a5
03,$B6A4,$0F6A4,4,Zあせわ,69 80 8d ab
03,$B6C4,$0F6C4,4,Zあせわ,69 80 8d ab
03,$B6E4,$0F6E4,4,Zあせわ,69 80 8d ab
03,$B6EE,$0F6EE,3,キQら,b6 60 a6
03,$B722,$0F722,3,えクら,83 b7 a6
03,$B726,$0F726,4,セ<!ハ,bd 70 6c c9
03,$B738,$0F738,3,えクゆ,83 b7 a4
03,$B742,$0F742,3,Z1か,69 74 85
03,$B748,$0F748,3,Z!か,69 6c 85
03,$B757,$0F757,3,えクん,83 b7 ad
03,$B77D,$0F77D,3,えクれ,83 b7 a9
03,$B7A2,$0F7A2,3,ムクん,d0 b7 ad
03,$B7CA,$0F7CA,3,ムクれ,d0 b7 a9
03,$B7F5,$0F7F5,3,ムケよ,d0 b8 a5
03,$B831,$0F831,3,Aいよ,50 81 a5
03,$B87F,$0F87F,3,ムケれ,d0 b8 a9
03,$B88A,$0F88A,3,Aいよ,50 81 a5
03,$B8AC,$0F8AC,3,Eいよ,54 81 a5
03,$B8CE,$0F8CE,4,QケYか,60 b8 68 85
03,$B8FD,$0F8FD,3,なあよ,94 80 a5
03,$B90C,$0F90C,3,Iいよ,58 81 a5
03,$B925,$0F925,3,ムあよ,d0 80 a5
03,$B930,$0F930,3,Mいん,5c 81 ad
03,$B93B,$0F93B,4,コん9!,b9 ad 7c 6c
03,$B966,$0F966,3,Qいよ,60 81 a5
03,$B973,$0F973,4,Zあせわ,69 80 8d ab
03,$B97C,$0F97C,3,Cコハ,52 b9 c9
03,$B98A,$0F98A,3,ちコれ,90 b9 a9
03,$B99A,$0F99A,4,Zあせわ,69 80 8d ab
03,$B9B3,$0F9B3,4,Zあせわ,69 80 8d ab
03,$B9CF,$0F9CF,3,Z1か,69 74 85
03,$B9D5,$0F9D5,3,Z!か,69 6c 85
03,$B9FD,$0F9FD,3,なあよ,94 80 a5
03,$BA0C,$0FA0C,3,Iいよ,58 81 a5
03,$BA25,$0FA25,3,ムあよ,d0 80 a5
03,$BA30,$0FA30,3,Mいん,5c 81 ad
03,$BA4C,$0FA4C,3,なあよ,94 80 a5
03,$BA5B,$0FA5B,3,Iいよ,58 81 a5
03,$BA69,$0FA69,3,いサよ,81 ba a5
03,$BA74,$0FA74,3,ムあよ,d0 80 a5
03,$BA7F,$0FA7F,3,Mいん,5c 81 ad
03,$BA9B,$0FA9B,3,なあよ,94 80 a5
03,$BAAA,$0FAAA,3,Iいよ,58 81 a5
03,$BAB8,$0FAB8,3,ムサよ,d0 ba a5
03,$BAC3,$0FAC3,3,ムあよ,d0 80 a5
03,$BACE,$0FACE,4,MいYか,5c 81 68 85
03,$BB03,$0FB03,3,Tスれ,63 bc a9
03,$BB22,$0FB22,3,ムMれ,d0 5c a9
03,$BB51,$0FB51,3,をシれ,ac bb a9
03,$BB7E,$0FB7E,3,をシれ,ac bb a9
03,$BBD7,$0FBD7,3,ヘあれ,cc 80 a9
03,$BBEC,$0FBEC,3,ンあよ,dc 80 a5
03,$BBF7,$0FBF7,4,Zあせわ,69 80 8d ab
03,$BC0C,$0FC0C,3,Dスよ,53 bc a5
03,$BC17,$0FC17,4,Zあせわ,69 80 8d ab
03,$BC2C,$0FC2C,3,Dスよ,53 bc a5
03,$BC30,$0FC30,3,ハあム,c9 80 d0
03,$BC37,$0FC37,4,Zあせわ,69 80 8d ab
03,$BC3D,$0FC3D,3,Tスよ,63 bc a5
03,$BC48,$0FC48,4,Zあせわ,69 80 8d ab
03,$BC52,$0FC52,3,シYか,bb 68 85
03,$BCBF,$0FCBF,3,まセん,9e bd ad
03,$BCC8,$0FCC8,4,-ム~セ,6b d0 73 bd
03,$BD09,$0FD09,3,Uいよ,64 81 a5
03,$BD27,$0FD27,3,ヘあれ,cc 80 a9
03,$BD87,$0FD87,3,ヘあれ,cc 80 a9
03,$BDE2,$0FDE2,3,ツソれ,c1 be a9
03,$BE18,$0FE18,3,ヘあれ,cc 80 a9
03,$BE2D,$0FE2D,3,ンあよ,dc 80 a5
03,$BE38,$0FE38,4,Zあせわ,69 80 8d ab
03,$BE5B,$0FE5B,3,サソよ,ba be a5
03,$BE66,$0FE66,4,Zあせわ,69 80 8d ab
03,$BE86,$0FE86,3,サソよ,ba be a5
03,$BE8A,$0FE8A,3,ハあム,c9 80 d0
03,$BE91,$0FE91,4,Zあせわ,69 80 8d ab
03,$BEAF,$0FEAF,4,Zあせわ,69 80 8d ab
03,$BEB8,$0FEB8,4,まスYか,9e bc 68 85
03,$BEC9,$0FEC9,3,Zへか,69 9c 85
03,$BECF,$0FECF,3,Z!か,69 6c 85
03,$BEDF,$0FEDF,3,Zむか,69 a0 85
03,$BEE5,$0FEE5,3,Z!か,69 6c 85
03,$BEF5,$0FEF5,3,Zゆか,69 a4 85
03,$BEFB,$0FEFB,3,Z!か,69 6c 85
03,$BF0E,$0FF0E,3,ちカき,90 b5 86
04,$8037,$10037,3,4ツQ,77 c1 60
04,$803B,$1003B,3,ちチQ,90 c0 60
04,$8043,$10043,3,さチQ,8a c0 60
04,$8047,$10047,3,いチQ,81 c0 60
04,$804B,$1004B,3,チチQ,c0 c0 60
04,$804F,$1004F,3,XチQ,7e c0 60
04,$8053,$10053,3,あツQ,80 c1 60
04,$805B,$1005B,3,ルチQ,d8 c0 60
04,$805F,$1005F,3,るチQ,a8 c0 60
04,$8063,$10063,3,へチQ,9c c0 60
04,$806B,$1006B,3,SツQ,62 c1 60
04,$8077,$10077,3,>ツQ,71 c1 60
04,$807B,$1007B,3,1ツQ,74 c1 60
04,$8087,$10087,3,テツQ,c2 c1 60
04,$808B,$1008B,3,ノツQ,c8 c1 60
04,$808F,$1008F,3,タツQ,bf c1 60
04,$809F,$1009F,3,きツQ,86 c1 60
04,$80A3,$100A3,3,えツQ,83 c1 60
04,$80A7,$100A7,3,マツQ,ce c1 60
04,$80AB,$100AB,3,メツQ,d1 c1 60
04,$80AF,$100AF,3,EチQ,54 c0 60
04,$80E3,$100E3,3,BチQ,51 c0 60
04,$80E7,$100E7,3,わチQ,ab c0 60
04,$80EB,$100EB,3,サチQ,ba c0 60
04,$80EF,$100EF,3,YツQ,68 c1 60
04,$80F3,$100F3,3,ニツQ,c5 c1 60
04,$80F7,$100F7,3,ユツQ,d4 c1 60
04,$80FB,$100FB,3,リツQ,d7 c1 60
04,$80FF,$100FF,3,0ツQ,7d c1 60
04,$8108,$10108,3,ツQよ,c1 60 a5
04,$8122,$10122,4,あれ1か,80 a9 74 85
04,$8127,$10127,3,れ1か,a9 74 85
04,$8134,$10134,3,ハ・ち,c9 7f 90
04,$8200,$10200,3,モあヌ,d2 80 c6
04,$8234,$10234,4,セリ-か,bd d7 6b 85
04,$8277,$10277,4,セン-か,bd dc 6b 85
04,$8291,$10291,3,Qうれ,60 82 a9
04,$829F,$1029F,3,ZGか,69 56 85
04,$82D8,$102D8,3,れLか,a9 5b 85
04,$82EF,$102EF,3,ちMれ,90 5c a9
04,$830F,$1030F,3,れOか,a9 5e 85
04,$8325,$10325,3,れおか,a9 84 85
04,$833B,$1033B,3,れかか,a9 85 85
04,$8355,$10355,3,れのか,a9 98 85
04,$8363,$10363,3,れこか,a9 89 85
04,$8371,$10371,3,れりか,a9 a7 85
04,$837F,$1037F,3,れハか,a9 c9 85
04,$838D,$1038D,3,れイか,a9 b1 85
04,$83BF,$103BF,3,アBハ,b0 51 c9
04,$83C3,$103C3,3,アLれ,b0 5b a9
04,$83D3,$103D3,3,れ7か,a9 7a 85
04,$83E1,$103E1,3,れ6か,a9 79 85
04,$83EF,$103EF,3,れ5か,a9 78 85
04,$83FD,$103FD,3,れ4か,a9 77 85
04,$840B,$1040B,3,れ3か,a9 76 85
04,$8419,$10419,3,れ2か,a9 75 85
04,$8427,$10427,3,れ1か,a9 74 85
04,$845D,$1045D,3,れ0か,a9 7d 85
04,$8462,$10462,5,むおれ1か,a0 84 a9 74 85
04,$8469,$10469,5,むおれ2か,a0 84 a9 75 85
04,$8470,$10470,5,むおれ3か,a0 84 a9 76 85
04,$8477,$10477,5,むおれ4か,a0 84 a9 77 85
04,$847E,$1047E,5,むおれ5か,a0 84 a9 78 85
04,$8485,$10485,5,むおれ6か,a0 84 a9 79 85
04,$848C,$1048C,5,むおれ7か,a0 84 a9 7a 85
04,$8493,$10493,5,むおれ8か,a0 84 a9 7b 85
04,$849A,$1049A,5,むおれ9か,a0 84 a9 7c 85
04,$84EA,$104EA,3,ヨおよ,d5 84 a5
04,$8514,$10514,3,れXか,a9 7e 85
04,$853E,$1053E,3,ウあん,b2 80 ad
04,$8570,$10570,3,Lかよ,5b 85 a5
04,$8577,$10577,3,ヌかれ,c6 85 a9
04,$859A,$1059A,3,れXか,a9 7e 85
04,$85C4,$105C4,3,ウあれ,b2 80 a9
04,$85CC,$105CC,3,あYか,80 68 85
04,$85EF,$105EF,3,Zムか,69 d0 85
04,$85F5,$105F5,3,Z!か,69 6c 85
04,$860D,$1060D,3,れいか,a9 81 85
04,$8617,$10617,3,あYか,80 68 85
04,$8647,$10647,3,ソあれ,be 80 a9
04,$8659,$10659,3,れこか,a9 89 85
04,$8666,$10666,3,れこか,a9 89 85
04,$8679,$10679,3,れワか,a9 db 85
04,$867D,$1067D,3,れこか,a9 89 85
04,$8694,$10694,3,れこか,a9 89 85
04,$86A1,$106A1,3,れこか,a9 89 85
04,$86B4,$106B4,3,れワか,a9 db 85
04,$86B8,$106B8,3,れこか,a9 89 85
04,$86CF,$106CF,3,れこか,a9 89 85
04,$86DC,$106DC,3,れこか,a9 89 85
04,$86EF,$106EF,3,れワか,a9 db 85
04,$86F3,$106F3,3,れこか,a9 89 85
04,$870A,$1070A,3,れこか,a9 89 85
04,$8717,$10717,3,れこか,a9 89 85
04,$872A,$1072A,3,れワか,a9 db 85
04,$872E,$1072E,3,れこか,a9 89 85
04,$8752,$10752,3,ロかれ,da 85 a9
04,$8771,$10771,3,ロかれ,da 85 a9
04,$8790,$10790,3,ロかれ,da 85 a9
04,$87AF,$107AF,3,ロかよ,da 85 a5
04,$87D6,$107D6,3,ウあれ,b2 80 a9
04,$87E1,$107E1,3,キあれ,b6 80 a9
04,$880E,$1080E,3,ウあよ,b2 80 a5
04,$8835,$10835,3,ウあれ,b2 80 a9
04,$8840,$10840,3,キあれ,b6 80 a9
04,$884E,$1084E,3,)けれ,6f 88 a9
04,$886D,$1086D,3,ウあよ,b2 80 a5
04,$8894,$10894,3,ウあれ,b2 80 a9
04,$889F,$1089F,3,キあれ,b6 80 a9
04,$88AD,$108AD,3,マけれ,ce 88 a9
04,$88CC,$108CC,3,ウあよ,b2 80 a5
04,$88F3,$108F3,3,ウあれ,b2 80 a9
04,$88FE,$108FE,3,キあれ,b6 80 a9
04,$892B,$1092B,3,ウあれ,b2 80 a9
04,$899A,$1099A,3,、あれ,ae 80 a9
04,$89A5,$109A5,3,、あれ,ae 80 a9
04,$89B0,$109B0,3,、あれ,ae 80 a9
04,$89CD,$109CD,3,あYか,80 68 85
04,$8A5B,$10A5B,3,れカか,a9 b5 85
04,$8A64,$10A64,3,サあれ,ba 80 a9
04,$8A6A,$10A6A,3,れカか,a9 b5 85
04,$8A73,$10A73,3,サあれ,ba 80 a9
04,$8A79,$10A79,3,れオか,a9 b4 85
04,$8A82,$10A82,3,サあれ,ba 80 a9
04,$8A88,$10A88,3,れオか,a9 b4 85
04,$8A91,$10A91,3,サあれ,ba 80 a9
04,$8A97,$10A97,3,れエか,a9 b3 85
04,$8AA0,$10AA0,3,サあれ,ba 80 a9
04,$8AA6,$10AA6,3,れエか,a9 b3 85
04,$8AAF,$10AAF,3,サあれ,ba 80 a9
04,$8AB5,$10AB5,3,れイか,a9 b1 85
04,$8ABE,$10ABE,3,サあれ,ba 80 a9
04,$8AC4,$10AC4,3,れイか,a9 b1 85
04,$8ACD,$10ACD,3,サあれ,ba 80 a9
04,$8AE0,$10AE0,3,マあれ,ce 80 a9
04,$8AEB,$10AEB,3,マあれ,ce 80 a9
04,$8AFA,$10AFA,3,マあれ,ce 80 a9
04,$8B05,$10B05,3,マあれ,ce 80 a9
04,$8B14,$10B14,3,マあれ,ce 80 a9
04,$8B36,$10B36,3,マあれ,ce 80 a9
04,$8B82,$10B82,3,らあむ,a6 80 a0
04,$8B8C,$10B8C,3,Zハか,69 c9 85
04,$8B92,$10B92,3,Z*か,69 6a 85
04,$8BC8,$10BC8,3,ア。れ,b0 af a9
04,$8BD7,$10BD7,3,ろあむ,aa 80 a0
04,$8BE1,$10BE1,3,Zへか,69 9c 85
04,$8BE7,$10BE7,3,Z!か,69 6c 85
04,$8C1A,$10C1A,3,マしれ,ce 8b a9
04,$8C4F,$10C4F,3,らあむ,a6 80 a0
04,$8C59,$10C59,3,Zハか,69 c9 85
04,$8C5F,$10C5F,3,Z*か,69 6a 85
04,$8C95,$10C95,3,ア。れ,b0 af a9
04,$8CA4,$10CA4,3,ろあむ,aa 80 a0
04,$8CAE,$10CAE,3,Zへか,69 9c 85
04,$8CB4,$10CB4,3,Z!か,69 6c 85
04,$8CE7,$10CE7,3,ふすれ,9b 8c a9
04,$8D03,$10D03,3,キせん,b6 8d ad
04,$8D0D,$10D0D,3,キせれ,b6 8d a9
04,$8D1C,$10D1C,3,らあむ,a6 80 a0
04,$8D26,$10D26,3,Zハか,69 c9 85
04,$8D2C,$10D2C,3,Z*か,69 6a 85
04,$8D62,$10D62,3,ア。れ,b0 af a9
04,$8D71,$10D71,3,ろあむ,aa 80 a0
04,$8D7B,$10D7B,3,Zへか,69 9c 85
04,$8D81,$10D81,3,Z!か,69 6c 85
04,$8DB4,$10DB4,3,Yせれ,68 8d a9
04,$8DD0,$10DD0,3,6それ,79 8e a9
04,$8DDF,$10DDF,3,らあむ,a6 80 a0
04,$8DE9,$10DE9,3,Zハか,69 c9 85
04,$8DEF,$10DEF,3,Z*か,69 6a 85
04,$8E25,$10E25,3,ア。れ,b0 af a9
04,$8E34,$10E34,3,ろあむ,aa 80 a0
04,$8E3E,$10E3E,3,Zへか,69 9c 85
04,$8E44,$10E44,3,Z!か,69 6c 85
04,$8E82,$10E82,3,モみん,d2 9f ad
04,$8EC6,$10EC6,3,Z1か,69 74 85
04,$8ECC,$10ECC,3,Z!か,69 6c 85
04,$8EDA,$10EDA,3,れまか,a9 9e 85
04,$8EE2,$10EE2,3,モみれ,d2 9f a9
04,$8EF8,$10EF8,3,Bたゆ,51 8f a4
04,$8F07,$10F07,3,ZUか,69 64 85
04,$8F0D,$10F0D,3,Z!か,69 6c 85
04,$8F20,$10F20,3,Z1か,69 74 85
04,$8F26,$10F26,3,Z!か,69 6c 85
04,$8F34,$10F34,3,れまか,a9 9e 85
04,$8F3C,$10F3C,3,モみれ,d2 9f a9
04,$8F4F,$10F4F,3,Iむゆ,58 a0 a4
04,$8F59,$10F59,3,Z1か,69 74 85
04,$8F5F,$10F5F,3,Z!か,69 6c 85
04,$8F6D,$10F6D,3,れまか,a9 9e 85
04,$8F75,$10F75,3,モみれ,d2 9f a9
04,$8F88,$10F88,3,Iむゆ,58 a0 a4
04,$8F92,$10F92,3,Z1か,69 74 85
04,$8F98,$10F98,3,Z!か,69 6c 85
04,$8FA6,$10FA6,3,れまか,a9 9e 85
04,$8FAE,$10FAE,3,モみれ,d2 9f a9
04,$8FC1,$10FC1,3,Iむゆ,58 a0 a4
04,$8FCB,$10FCB,3,Z1か,69 74 85
04,$8FD1,$10FD1,3,Z!か,69 6c 85
04,$8FDF,$10FDF,3,れまか,a9 9e 85
04,$8FE7,$10FE7,3,モみれ,d2 9f a9
04,$8FFA,$10FFA,3,Iむゆ,58 a0 a4
04,$9004,$11004,3,Z1か,69 74 85
04,$900A,$1100A,3,Z!か,69 6c 85
04,$9018,$11018,3,れまか,a9 9e 85
04,$9020,$11020,3,モみれ,d2 9f a9
04,$9033,$11033,3,Iむゆ,58 a0 a4
04,$903D,$1103D,3,Z1か,69 74 85
04,$9043,$11043,3,Z!か,69 6c 85
04,$9051,$11051,3,れまか,a9 9e 85
04,$9059,$11059,3,モみれ,d2 9f a9
04,$906C,$1106C,3,Iむゆ,58 a0 a4
04,$9076,$11076,3,Z1か,69 74 85
04,$907C,$1107C,3,Z!か,69 6c 85
04,$908A,$1108A,3,れまか,a9 9e 85
04,$9092,$11092,3,モみれ,d2 9f a9
04,$90A5,$110A5,3,Iむゆ,58 a0 a4
04,$90AF,$110AF,3,Z1か,69 74 85
04,$90B5,$110B5,3,Z!か,69 6c 85
04,$90C3,$110C3,3,れまか,a9 9e 85
04,$90CB,$110CB,3,モみれ,d2 9f a9
04,$90DE,$110DE,3,Iむゆ,58 a0 a4
04,$90E8,$110E8,3,Z1か,69 74 85
04,$90EE,$110EE,3,Z!か,69 6c 85
04,$90FC,$110FC,3,れまか,a9 9e 85
04,$9104,$11104,3,モみれ,d2 9f a9
04,$9117,$11117,3,Iむゆ,58 a0 a4
04,$9121,$11121,3,Z1か,69 74 85
04,$9127,$11127,3,Z!か,69 6c 85
04,$9135,$11135,3,れまか,a9 9e 85
04,$913D,$1113D,3,モみれ,d2 9f a9
04,$9150,$11150,3,Iむゆ,58 a0 a4
04,$915A,$1115A,3,Z1か,69 74 85
04,$9160,$11160,3,Z!か,69 6c 85
04,$916E,$1116E,3,れまか,a9 9e 85
04,$9176,$11176,3,モみれ,d2 9f a9
04,$9189,$11189,3,Iむゆ,58 a0 a4
04,$9193,$11193,3,Z1か,69 74 85
04,$9199,$11199,3,Z!か,69 6c 85
04,$91A7,$111A7,3,れまか,a9 9e 85
04,$91AF,$111AF,3,モみれ,d2 9f a9
04,$91C2,$111C2,3,Iむゆ,58 a0 a4
04,$91CC,$111CC,3,Z1か,69 74 85
04,$91D2,$111D2,3,Z!か,69 6c 85
04,$91E0,$111E0,3,れまか,a9 9e 85
04,$91E8,$111E8,3,モみれ,d2 9f a9
04,$91FB,$111FB,3,Iむゆ,58 a0 a4
04,$9205,$11205,3,Z1か,69 74 85
04,$920B,$1120B,3,Z!か,69 6c 85
04,$9219,$11219,3,れまか,a9 9e 85
04,$9221,$11221,3,モみれ,d2 9f a9
04,$9234,$11234,3,Iむゆ,58 a0 a4
04,$923E,$1123E,3,Z1か,69 74 85
04,$9244,$11244,3,Z!か,69 6c 85
04,$924E,$1124E,3,れCか,a9 52 85
04,$9252,$11252,3,れまか,a9 9e 85
04,$925A,$1125A,3,モみれ,d2 9f a9
04,$926D,$1126D,3,Iむゆ,58 a0 a4
04,$9277,$11277,3,Z1か,69 74 85
04,$927D,$1127D,3,Z!か,69 6c 85
04,$9287,$11287,3,れFか,a9 55 85
04,$928B,$1128B,3,れまか,a9 9e 85
04,$9293,$11293,3,モみれ,d2 9f a9
04,$92A6,$112A6,3,Iむゆ,58 a0 a4
04,$92B0,$112B0,3,Z1か,69 74 85
04,$92B6,$112B6,3,Z!か,69 6c 85
04,$92C0,$112C0,3,れJか,a9 59 85
04,$92C4,$112C4,3,れまか,a9 9e 85
04,$92CC,$112CC,3,モみれ,d2 9f a9
04,$92DF,$112DF,3,Iむゆ,58 a0 a4
04,$92E9,$112E9,3,Z1か,69 74 85
04,$92EF,$112EF,3,Z!か,69 6c 85
04,$92F9,$112F9,3,れPか,a9 5f 85
04,$92FD,$112FD,3,れまか,a9 9e 85
04,$9305,$11305,3,モみれ,d2 9f a9
04,$9318,$11318,3,Iむゆ,58 a0 a4
04,$9322,$11322,3,Z1か,69 74 85
04,$9328,$11328,3,Z!か,69 6c 85
04,$9332,$11332,3,れUか,a9 64 85
04,$9336,$11336,3,れまか,a9 9e 85
04,$933E,$1133E,3,モみれ,d2 9f a9
04,$9351,$11351,3,Iむゆ,58 a0 a4
04,$935B,$1135B,3,Z1か,69 74 85
04,$9361,$11361,3,Z!か,69 6c 85
04,$936B,$1136B,3,れ-か,a9 6b 85
04,$936F,$1136F,3,れまか,a9 9e 85
04,$9377,$11377,3,モみれ,d2 9f a9
04,$938A,$1138A,3,Iむゆ,58 a0 a4
04,$9394,$11394,3,Z1か,69 74 85
04,$939A,$1139A,3,Z!か,69 6c 85
04,$93A4,$113A4,3,れ<か,a9 70 85
04,$93A8,$113A8,3,れまか,a9 9e 85
04,$93B0,$113B0,3,モみれ,d2 9f a9
04,$93C3,$113C3,3,Iむゆ,58 a0 a4
04,$93CD,$113CD,3,Z1か,69 74 85
04,$93D3,$113D3,3,Z!か,69 6c 85
04,$93DD,$113DD,3,れ4か,a9 77 85
04,$93E1,$113E1,3,れまか,a9 9e 85
04,$93E9,$113E9,3,モみれ,d2 9f a9
04,$93FC,$113FC,3,Iむゆ,58 a0 a4
04,$9406,$11406,3,Z1か,69 74 85
04,$940C,$1140C,3,Z!か,69 6c 85
04,$9416,$11416,3,れ9か,a9 7c 85
04,$941A,$1141A,3,れまか,a9 9e 85
04,$9422,$11422,3,モみれ,d2 9f a9
04,$9435,$11435,3,Iむゆ,58 a0 a4
04,$943F,$1143F,3,Z1か,69 74 85
04,$9445,$11445,3,Z!か,69 6c 85
04,$944F,$1144F,3,れえか,a9 83 85
04,$9453,$11453,3,れまか,a9 9e 85
04,$945B,$1145B,3,モみれ,d2 9f a9
04,$946E,$1146E,3,Iむゆ,58 a0 a4
04,$9478,$11478,3,Z1か,69 74 85
04,$947E,$1147E,3,Z!か,69 6c 85
04,$9488,$11488,3,れくか,a9 87 85
04,$948C,$1148C,3,れまか,a9 9e 85
04,$9494,$11494,3,モみれ,d2 9f a9
04,$94A7,$114A7,3,Iむゆ,58 a0 a4
04,$94B1,$114B1,3,Z1か,69 74 85
04,$94B7,$114B7,3,Z!か,69 6c 85
04,$94C1,$114C1,3,れすか,a9 8c 85
04,$94C5,$114C5,3,れまか,a9 9e 85
04,$94CD,$114CD,3,モみれ,d2 9f a9
04,$94E0,$114E0,3,Iむゆ,58 a0 a4
04,$94EA,$114EA,3,Z1か,69 74 85
04,$94F0,$114F0,3,Z!か,69 6c 85
04,$94FA,$114FA,3,れちか,a9 90 85
04,$94FE,$114FE,3,れまか,a9 9e 85
04,$9506,$11506,3,モみれ,d2 9f a9
04,$9519,$11519,3,Iむゆ,58 a0 a4
04,$9523,$11523,3,Z1か,69 74 85
04,$9529,$11529,3,Z!か,69 6c 85
04,$9533,$11533,3,れなか,a9 94 85
04,$9537,$11537,3,れまか,a9 9e 85
04,$953F,$1153F,3,モみれ,d2 9f a9
04,$9552,$11552,3,Iむゆ,58 a0 a4
04,$955C,$1155C,3,Z1か,69 74 85
04,$9562,$11562,3,Z!か,69 6c 85
04,$956C,$1156C,3,れのか,a9 98 85
04,$9570,$11570,3,れまか,a9 9e 85
04,$9578,$11578,3,モみれ,d2 9f a9
04,$958B,$1158B,3,Iむゆ,58 a0 a4
04,$9595,$11595,3,Z1か,69 74 85
04,$959B,$1159B,3,Z!か,69 6c 85
04,$95A5,$115A5,3,れへか,a9 9c 85
04,$95A9,$115A9,3,れまか,a9 9e 85
04,$95B1,$115B1,3,モみれ,d2 9f a9
04,$95C4,$115C4,3,Iむゆ,58 a0 a4
04,$95CE,$115CE,3,Z1か,69 74 85
04,$95D4,$115D4,3,Z!か,69 6c 85
04,$95DE,$115DE,3,れむか,a9 a0 85
04,$95E2,$115E2,3,れまか,a9 9e 85
04,$95EA,$115EA,3,モみれ,d2 9f a9
04,$95FD,$115FD,3,Iむゆ,58 a0 a4
04,$9607,$11607,3,Z1か,69 74 85
04,$960D,$1160D,3,Z!か,69 6c 85
04,$9617,$11617,3,れゆか,a9 a4 85
04,$961B,$1161B,3,れまか,a9 9e 85
04,$9623,$11623,3,モみれ,d2 9f a9
04,$9636,$11636,3,Iむゆ,58 a0 a4
04,$9640,$11640,3,Z1か,69 74 85
04,$9646,$11646,3,Z!か,69 6c 85
04,$9650,$11650,3,れろか,a9 aa 85
04,$9654,$11654,3,れまか,a9 9e 85
04,$965C,$1165C,3,モみれ,d2 9f a9
04,$966F,$1166F,3,Iむゆ,58 a0 a4
04,$9679,$11679,3,Z1か,69 74 85
04,$967F,$1167F,3,Z!か,69 6c 85
04,$9689,$11689,3,れ。か,a9 af 85
04,$968D,$1168D,3,れまか,a9 9e 85
04,$9695,$11695,3,モみれ,d2 9f a9
04,$96A8,$116A8,3,Iむゆ,58 a0 a4
04,$96B2,$116B2,3,Z1か,69 74 85
04,$96B8,$116B8,3,Z!か,69 6c 85
04,$96C2,$116C2,3,れキか,a9 b6 85
04,$96C6,$116C6,3,れまか,a9 9e 85
04,$96CE,$116CE,3,モみれ,d2 9f a9
04,$96E1,$116E1,3,Iむゆ,58 a0 a4
04,$96EB,$116EB,3,Z1か,69 74 85
04,$96F1,$116F1,3,Z!か,69 6c 85
04,$96FB,$116FB,3,れサか,a9 ba 85
04,$96FF,$116FF,3,れまか,a9 9e 85
04,$9707,$11707,3,モみれ,d2 9f a9
04,$971A,$1171A,3,Iむゆ,58 a0 a4
04,$9724,$11724,3,Z1か,69 74 85
04,$972A,$1172A,3,Z!か,69 6c 85
04,$9734,$11734,3,れソか,a9 be 85
04,$9738,$11738,3,れまか,a9 9e 85
04,$9740,$11740,3,モみれ,d2 9f a9
04,$9753,$11753,3,Iむゆ,58 a0 a4
04,$975D,$1175D,3,Z1か,69 74 85
04,$9763,$11763,3,Z!か,69 6c 85
04,$976D,$1176D,3,れナか,a9 c4 85
04,$9771,$11771,3,れまか,a9 9e 85
04,$9779,$11779,3,モみれ,d2 9f a9
04,$978C,$1178C,3,Iむゆ,58 a0 a4
04,$9796,$11796,3,Z1か,69 74 85
04,$979C,$1179C,3,Z!か,69 6c 85
04,$97A6,$117A6,3,れハか,a9 c9 85
04,$97AA,$117AA,3,れまか,a9 9e 85
04,$97B2,$117B2,3,モみれ,d2 9f a9
04,$97C5,$117C5,3,Iむゆ,58 a0 a4
04,$97CF,$117CF,3,Z1か,69 74 85
04,$97D5,$117D5,3,Z!か,69 6c 85
04,$97DF,$117DF,3,れヘか,a9 cc 85
04,$97E3,$117E3,3,れまか,a9 9e 85
04,$97EB,$117EB,3,モみれ,d2 9f a9
04,$97FE,$117FE,3,Iむゆ,58 a0 a4
04,$9808,$11808,3,Z1か,69 74 85
04,$980E,$1180E,3,Z!か,69 6c 85
04,$9818,$11818,3,れムか,a9 d0 85
04,$981C,$1181C,3,れまか,a9 9e 85
04,$9824,$11824,3,モみれ,d2 9f a9
04,$9837,$11837,3,Iむゆ,58 a0 a4
04,$9841,$11841,3,Z1か,69 74 85
04,$9847,$11847,3,Z!か,69 6c 85
04,$9851,$11851,3,れユか,a9 d4 85
04,$9855,$11855,3,れまか,a9 9e 85
04,$985D,$1185D,3,モみれ,d2 9f a9
04,$9870,$11870,3,Iむゆ,58 a0 a4
04,$987A,$1187A,3,Z1か,69 74 85
04,$9880,$11880,3,Z!か,69 6c 85
04,$988A,$1188A,3,れルか,a9 d8 85
04,$988E,$1188E,3,れまか,a9 9e 85
04,$9896,$11896,3,モみれ,d2 9f a9
04,$98A9,$118A9,3,Iむゆ,58 a0 a4
04,$98B3,$118B3,3,Z1か,69 74 85
04,$98B9,$118B9,3,Z!か,69 6c 85
04,$98C3,$118C3,3,れンか,a9 dc 85
04,$98C7,$118C7,3,れまか,a9 9e 85
04,$98CF,$118CF,3,モみれ,d2 9f a9
04,$98E2,$118E2,3,Iむゆ,58 a0 a4
04,$98EC,$118EC,3,Z1か,69 74 85
04,$98F2,$118F2,3,Z!か,69 6c 85
04,$9900,$11900,3,れまか,a9 9e 85
04,$9908,$11908,3,モみれ,d2 9f a9
04,$991B,$1191B,3,Iむゆ,58 a0 a4
04,$9925,$11925,3,Z1か,69 74 85
04,$992B,$1192B,3,Z!か,69 6c 85
04,$9939,$11939,3,れまか,a9 9e 85
04,$9941,$11941,3,モみれ,d2 9f a9
04,$9954,$11954,3,Iむゆ,58 a0 a4
04,$995E,$1195E,3,Z1か,69 74 85
04,$9964,$11964,3,Z!か,69 6c 85
04,$9972,$11972,3,れまか,a9 9e 85
04,$997A,$1197A,3,モみれ,d2 9f a9
04,$998D,$1198D,3,Iむゆ,58 a0 a4
04,$9997,$11997,3,Z1か,69 74 85
04,$999D,$1199D,3,Z!か,69 6c 85
04,$99AB,$119AB,3,れまか,a9 9e 85
04,$99B3,$119B3,3,モみれ,d2 9f a9
04,$99C6,$119C6,3,Iむゆ,58 a0 a4
04,$99D0,$119D0,3,Z1か,69 74 85
04,$99D6,$119D6,3,Z!か,69 6c 85
04,$99E4,$119E4,3,れまか,a9 9e 85
04,$99EC,$119EC,3,モみれ,d2 9f a9
04,$99FF,$119FF,3,Iむゆ,58 a0 a4
04,$9A09,$11A09,3,Z1か,69 74 85
04,$9A0F,$11A0F,3,Z!か,69 6c 85
04,$9A1D,$11A1D,3,れまか,a9 9e 85
04,$9A25,$11A25,3,モみれ,d2 9f a9
04,$9A38,$11A38,3,Iむゆ,58 a0 a4
04,$9A42,$11A42,3,Z1か,69 74 85
04,$9A48,$11A48,3,Z!か,69 6c 85
04,$9A56,$11A56,3,れまか,a9 9e 85
04,$9A5E,$11A5E,3,モみれ,d2 9f a9
04,$9A71,$11A71,3,Iむゆ,58 a0 a4
04,$9A7B,$11A7B,3,Z1か,69 74 85
04,$9A81,$11A81,3,Z!か,69 6c 85
04,$9A8F,$11A8F,3,れみか,a9 9f 85
04,$9A97,$11A97,3,モみれ,d2 9f a9
04,$9AAA,$11AAA,3,Iむゆ,58 a0 a4
04,$9AB4,$11AB4,3,Z1か,69 74 85
04,$9ABA,$11ABA,3,Z!か,69 6c 85
04,$9AC8,$11AC8,3,れみか,a9 9f 85
04,$9AD0,$11AD0,3,モみれ,d2 9f a9
04,$9AE3,$11AE3,3,Iむゆ,58 a0 a4
04,$9AED,$11AED,3,Z1か,69 74 85
04,$9AF3,$11AF3,3,Z!か,69 6c 85
04,$9B01,$11B01,3,れみか,a9 9f 85
04,$9B09,$11B09,3,モみれ,d2 9f a9
04,$9B1C,$11B1C,3,Iむゆ,58 a0 a4
04,$9B26,$11B26,3,Z1か,69 74 85
04,$9B2C,$11B2C,3,Z!か,69 6c 85
04,$9B3A,$11B3A,3,れみか,a9 9f 85
04,$9B42,$11B42,3,モみれ,d2 9f a9
04,$9B55,$11B55,3,Iむれ,58 a0 a9
04,$9B61,$11B61,3,れ2か,a9 75 85
04,$9B65,$11B65,3,れみか,a9 9f 85
04,$9B7A,$11B7A,3,Z1か,69 74 85
04,$9B80,$11B80,3,Z!か,69 6c 85
04,$9B8D,$11B8D,3,Z1か,69 74 85
04,$9B93,$11B93,3,Z!か,69 6c 85
04,$9BA0,$11BA0,3,Z1か,69 74 85
04,$9BA6,$11BA6,3,Z!か,69 6c 85
04,$9BBC,$11BBC,3,おむよ,84 a0 a5
04,$9BF0,$11BF0,3,Z1か,69 74 85
04,$9BF6,$11BF6,3,Z!か,69 6c 85
04,$9C23,$11C23,3,ハEム,c9 54 d0
04,$9C28,$11C28,5,たほハFム,8f 9d c9 55 d0
04,$9C2F,$11C2F,5,むほハGム,a0 9d c9 56 d0
04,$9C36,$11C36,5,イほハHム,b1 9d c9 57 d0
04,$9C3D,$11C3D,5,テほハIム,c2 9d c9 58 d0
04,$9C44,$11C44,3,ヤほれ,d3 9d a9
04,$9CC9,$11CC9,4,へハAア,9c c9 50 b0
04,$9CDC,$11CDC,4,へハKア,9c c9 5a b0
04,$9D34,$11D34,3,れ/か,a9 72 85
04,$9D70,$11D70,3,れOか,a9 5e 85
04,$9D8E,$11D8E,4,ほれVか,9d a9 65 85
04,$9D93,$11D93,3,れみか,a9 9f 85
04,$9D9F,$11D9F,4,ほれYか,9d a9 68 85
04,$9DA4,$11DA4,3,れみか,a9 9f 85
04,$9DB0,$11DB0,4,ほれ!か,9d a9 6c 85
04,$9DB5,$11DB5,3,れみか,a9 9f 85
04,$9DC1,$11DC1,4,ほれ)か,9d a9 6f 85
04,$9DC6,$11DC6,3,れみか,a9 9f 85
04,$9DD2,$11DD2,4,ほれ/か,9d a9 72 85
04,$9DD7,$11DD7,3,れみか,a9 9f 85
04,$9DF5,$11DF5,3,Kあよ,5a 80 a5
04,$9E00,$11E00,4,Zあせわ,69 80 8d ab
04,$9E17,$11E17,4,Q567,60 78 79 7a
04,$9EE1,$11EE1,3,TUV,63 64 65
04,$9EE8,$11EE8,3,TUV,63 64 65
04,$9F76,$11F76,3,89D,7b 7c 53
04,$9FD6,$11FD6,3,ち・よ,90 7f a5
04,$9FE9,$11FE9,3,Kあよ,5a 80 a5
04,$9FF4,$11FF4,4,Zあせわ,69 80 8d ab
04,$A01F,$1201F,3,ヒあれ,ca 80 a9
04,$A07A,$1207A,3,セア1,bd b0 74
04,$A080,$12080,5,ほア1Qよ,9d b0 74 60 a5
04,$A08A,$1208A,7,ろヒヒセめむか,aa ca ca bd a1 a0 85
04,$A092,$12092,4,セもむか,bd a2 a0 85
04,$A09B,$1209B,4,モみYか,d2 9f 68 85
04,$A0BC,$120BC,10,みBみGみLみQみよ,9f 51 9f 56 9f 5b 9f 60 9f a5
04,$A0ED,$120ED,3,Wあん,66 80 ad
04,$A106,$12106,3,ちMら,90 5c a6
04,$A10A,$1210A,4,セリ-か,bd d7 6b 85
04,$A16C,$1216C,3,ZUか,69 64 85
04,$A172,$12172,3,Z!か,69 6c 85
04,$A18F,$1218F,3,Z1か,69 74 85
04,$A195,$12195,3,Z!か,69 6c 85
04,$A1A7,$121A7,3,ちMら,90 5c a6
04,$A1AB,$121AB,4,セン-か,bd dc 6b 85
04,$A203,$12203,3,やめよ,a3 a1 a5
04,$A231,$12231,4,んP(ハ,ad 5f 6e c9
04,$A240,$12240,3,アNよ,b0 5d a5
04,$A24B,$1224B,3,ZQか,69 60 85
04,$A251,$12251,3,Z(か,69 6e 85
04,$A27C,$1227C,3,Z(か,69 6e 85
04,$A28E,$1228E,3,Z(か,69 6e 85
04,$A2B7,$122B7,3,Z(か,69 6e 85
04,$A2C4,$122C4,3,やもよ,a3 a2 a5
04,$A2CF,$122CF,3,ZQか,69 60 85
04,$A2D5,$122D5,3,Z(か,69 6e 85
04,$A2E2,$122E2,3,Zムか,69 d0 85
04,$A2E8,$122E8,3,Z!か,69 6c 85
04,$A309,$12309,3,Z(か,69 6e 85
04,$A31F,$1231F,3,Z(か,69 6e 85
04,$A335,$12335,3,Z(か,69 6e 85
04,$A34A,$1234A,3,Z(か,69 6e 85
04,$A36C,$1236C,4,Qム!れ,60 d0 6c a9
04,$A377,$12377,3,アPら,b0 5f a6
04,$A37D,$1237D,4,ほウ)れ,9d b2 6f a9
04,$A382,$12382,4,ほキ)れ,9d b6 6f a9
04,$A387,$12387,4,ほサ)れ,9d ba 6f a9
04,$A38C,$1238C,4,ほソ)れ,9d be 6f a9
04,$A391,$12391,4,ほテ)れ,9d c2 6f a9
04,$A396,$12396,4,ほヌ)れ,9d c6 6f a9
04,$A39B,$1239B,4,ほヒ)れ,9d ca 6f a9
04,$A3A0,$123A0,4,ほマ)れ,9d ce 6f a9
04,$A3A5,$123A5,4,ほモ)ら,9d d2 6f a6
04,$A3B5,$123B5,19,ほソ)ほテ)ほヌ)ほヒ)ほマ)ほモ)セ,9d be 6f 9d c2 6f 9d c6 6f 9d ca 6f 9d ce 6f 9d d2 6f bd
04,$A3D0,$123D0,3,ほウ),9d b2 6f
04,$A3D9,$123D9,3,ゆよれ,a4 a5 a9
04,$A3E6,$123E6,3,ゆよら,a4 a5 a6
04,$A3FE,$123FE,3,ZQか,69 60 85
04,$A42E,$1242E,3,イよよ,b1 a5 a5
04,$A43D,$1243D,3,Uゆハ,64 a4 c9
04,$A448,$12448,3,Uゆハ,64 a4 c9
04,$A453,$12453,3,Uゆハ,64 a4 c9
04,$A45E,$1245E,3,Uゆれ,64 a4 a9
04,$A465,$12465,3,-ゆれ,6b a4 a9
04,$A46F,$1246F,4,ほキ)む,9d b6 6f a0
04,$A490,$12490,3,イよよ,b1 a5 a5
04,$A49E,$1249E,19,ほソ)ほテ)ほヌ)ほヒ)ほマ)ほモ)ハ,9d be 6f 9d c2 6f 9d c6 6f 9d ca 6f 9d ce 6f 9d d2 6f c9
04,$A4B6,$124B6,11,れあほソ)れはほテ)れ,a9 80 9d be 6f a9 99 9d c2 6f a9
04,$A4C2,$124C2,18,ほヌ)れはほヒ)れXほマ)れはほモ),9d c6 6f a9 99 9d ca 6f a9 67 9d ce 6f a9 99 9d d2 6f
04,$A4DB,$124DB,6,れえほソ)れ,a9 83 9d be 6f a9
04,$A4E2,$124E2,4,ほテ)れ,9d c2 6f a9
04,$A4E7,$124E7,4,ほヌ)れ,9d c6 6f a9
04,$A4EC,$124EC,4,ほヒ)れ,9d ca 6f a9
04,$A4F1,$124F1,4,ほマ)れ,9d ce 6f a9
04,$A4F6,$124F6,3,ほモ),9d d2 6f
04,$A4FE,$124FE,4,ほソ)れ,9d be 6f a9
04,$A503,$12503,4,ほテ)れ,9d c2 6f a9
04,$A508,$12508,4,ほソ)れ,9d be 6f a9
04,$A50D,$1250D,4,ほテ)れ,9d c2 6f a9
04,$A512,$12512,4,ほマ)れ,9d ce 6f a9
04,$A517,$12517,4,ほモ)む,9d d2 6f a0
04,$A531,$12531,3,イよよ,b1 a5 a5
04,$A544,$12544,3,ほウ),9d b2 6f
04,$A548,$12548,3,)よら,6f a5 a6
04,$A54E,$1254E,4,ほソ)れ,9d be 6f a9
04,$A553,$12553,4,ほテ)れ,9d c2 6f a9
04,$A558,$12558,4,ほヌ)れ,9d c6 6f a9
04,$A55D,$1255D,4,ほヒ)れ,9d ca 6f a9
04,$A562,$12562,4,ほマ)れ,9d ce 6f a9
04,$A567,$12567,4,ほモ)れ,9d d2 6f a9
04,$A56C,$1256C,4,ほウ)れ,9d b2 6f a9
04,$A571,$12571,4,ほサ)ら,9d ba 6f a6
04,$A581,$12581,19,ほソ)ほテ)ほヌ)ほヒ)ほマ)ほモ)セ,9d be 6f 9d c2 6f 9d c6 6f 9d ca 6f 9d ce 6f 9d d2 6f bd
04,$A59C,$1259C,3,ほウ),9d b2 6f
04,$A5A3,$125A3,3,やYか,a3 68 85
04,$A5C5,$125C5,3,Wらよ,66 a6 a5
04,$A686,$12686,5,!セ*>か,6c bd 6a 71 85
04,$A68C,$1268C,4,セ(>か,bd 6e 71 85
04,$A693,$12693,5,!セ*>か,6c bd 6a 71 85
04,$A699,$12699,4,セ(>か,bd 6e 71 85
04,$A69F,$1269F,3,ほるア,9d a8 b0
04,$A6B1,$126B1,5,!セ*>か,6c bd 6a 71 85
04,$A6B7,$126B7,4,セ(>か,bd 6e 71 85
04,$A6BE,$126BE,5,!セ*>か,6c bd 6a 71 85
04,$A6C4,$126C4,4,セ(>か,bd 6e 71 85
04,$A6CA,$126CA,3,ほるア,9d a8 b0
04,$A6DC,$126DC,5,!セ*>か,6c bd 6a 71 85
04,$A6E2,$126E2,4,セ(>か,bd 6e 71 85
04,$A6E9,$126E9,5,!セ*>か,6c bd 6a 71 85
04,$A6EF,$126EF,4,セ(>か,bd 6e 71 85
04,$A6F5,$126F5,3,ほるア,9d a8 b0
04,$A707,$12707,5,!セ*>か,6c bd 6a 71 85
04,$A70D,$1270D,4,セ(>か,bd 6e 71 85
04,$A714,$12714,5,!セ*>か,6c bd 6a 71 85
04,$A71A,$1271A,4,セ(>か,bd 6e 71 85
04,$A720,$12720,3,ほるア,9d a8 b0
04,$A732,$12732,5,!セ*>か,6c bd 6a 71 85
04,$A738,$12738,4,セ(>か,bd 6e 71 85
04,$A73F,$1273F,5,!セ*>か,6c bd 6a 71 85
04,$A745,$12745,4,セ(>か,bd 6e 71 85
04,$A74B,$1274B,3,ほるア,9d a8 b0
04,$A75D,$1275D,5,!セ*>か,6c bd 6a 71 85
04,$A763,$12763,4,セ(>か,bd 6e 71 85
04,$A76A,$1276A,5,!セ*>か,6c bd 6a 71 85
04,$A770,$12770,4,セ(>か,bd 6e 71 85
04,$A776,$12776,3,ほるア,9d a8 b0
04,$A788,$12788,3,セ(>,bd 6e 71
04,$A791,$12791,4,セ*>か,bd 6a 71 85
04,$A796,$12796,4,セ(>か,bd 6e 71 85
04,$A79C,$1279C,3,イりれ,b1 a7 a9
04,$A7A6,$127A6,3,*>か,6a 71 85
04,$A7AD,$127AD,3,(>か,6e 71 85
04,$A7DE,$127DE,3,ヌりよ,c6 a7 a5
04,$A7E6,$127E6,4,ほケ/よ,9d b8 72 a5
04,$A7EB,$127EB,3,ほス/,9d bc 72
04,$A7F6,$127F6,4,ほケ/れ,9d b8 72 a9
04,$A7FD,$127FD,4,ほス/ヒ,9d bc 72 ca
04,$A807,$12807,5,!るコケ/,6c a8 b9 b8 72
04,$A80F,$1280F,6,はケ/コス/,99 b8 72 b9 bc 72
04,$A817,$12817,4,はス/ヒ,99 bc 72 ca
04,$A81F,$1281F,4,!セケ/,6c bd b8 72
04,$A826,$12826,4,ほケ/か,9d b8 72 85
04,$A82B,$1282B,4,セス/Z,bd bc 72 69
04,$A830,$12830,4,ほス/か,9d bc 72 85
04,$A837,$12837,4,!セケ/,6c bd b8 72
04,$A83E,$1283E,4,ほケ/か,9d b8 72 85
04,$A843,$12843,3,セス/,bd bc 72
04,$A848,$12848,4,ほス/か,9d bc 72 85
04,$A84F,$1284F,4,!セケ/,6c bd b8 72
04,$A856,$12856,4,ほケ/か,9d b8 72 85
04,$A85B,$1285B,3,セス/,bd bc 72
04,$A860,$12860,4,ほス/か,9d bc 72 85
04,$A86D,$1286D,4,ほケ/れ,9d b8 72 a9
04,$A874,$12874,6,ほス/セケ/,9d bc 72 bd b8 72
04,$A87D,$1287D,6,ほケ/セス/,9d b8 72 bd bc 72
04,$A885,$12885,6,ほス/セケ/,9d bc 72 bd b8 72
04,$A88E,$1288E,6,ほケ/セス/,9d b8 72 bd bc 72
04,$A896,$12896,3,ほス/,9d bc 72
04,$A89A,$1289A,4,トるQよ,c3 a8 60 a5
04,$A8DC,$128DC,3,コむ>,b9 a0 71
04,$A8E0,$128E0,16,0ケ/はむ>コノ>0ス/はノ>ヒ,7d b8 72 99 a0 71 b9 c8 71 7d bc 72 99 c8 71 ca
04,$A916,$12916,3,、あれ,ae 80 a9
04,$A921,$12921,3,、あれ,ae 80 a9
04,$A930,$12930,3,、あれ,ae 80 a9
04,$A93B,$1293B,3,、あれ,ae 80 a9
04,$A94A,$1294A,3,、あれ,ae 80 a9
04,$A968,$12968,3,、あれ,ae 80 a9
04,$A989,$12989,3,れをか,a9 ac 85
04,$A9A4,$129A4,4,ほチ/ほ,9d c0 72 9d
04,$A9CB,$129CB,3,Zムか,69 d0 85
04,$A9D1,$129D1,3,Z!か,69 6c 85
04,$A9E5,$129E5,3,ちラれ,90 d6 a9
04,$A9FB,$129FB,4,セケ/、,bd b8 72 ae
04,$AA06,$12A06,3,Zチか,69 c0 85
04,$AA0C,$12A0C,3,Z/か,69 72 85
04,$AA15,$12A15,4,セス/、,bd bc 72 ae
04,$AA26,$12A26,3,Z/か,69 72 85
04,$AA3B,$12A3B,3,ち、れ,90 ae a9
04,$AA58,$12A58,3,キあれ,b6 80 a9
04,$AA6C,$12A6C,3,Zチか,69 c0 85
04,$AA72,$12A72,3,Z/か,69 72 85
04,$AA84,$12A84,3,Z/か,69 72 85
04,$AA8D,$12A8D,3,ウあよ,b2 80 a5
04,$AAA5,$12AA5,3,アひれ,b0 9a a9
04,$AACD,$12ACD,3,Zチか,69 c0 85
04,$AAD3,$12AD3,3,Z/か,69 72 85
04,$AAE5,$12AE5,3,Z/か,69 72 85
04,$AB04,$12B04,3,ウあよ,b2 80 a5
04,$AB32,$12B32,3,れをか,a9 ac 85
04,$AB41,$12B41,3,れをか,a9 ac 85
04,$AB50,$12B50,3,れをか,a9 ac 85
04,$AB81,$12B81,3,Kあよ,5a 80 a5
04,$AB8E,$12B8E,4,Zあせわ,69 80 8d ab
04,$AB98,$12B98,5,Vわハあム,65 ab c9 80 d0
04,$ABA1,$12BA1,4,Zあせわ,69 80 8d ab
04,$ABAB,$12BAB,3,Vわハ,65 ab c9
04,$ABAF,$12BAF,3,ムオれ,d0 b4 a9
04,$ABB4,$12BB4,4,Zあせわ,69 80 8d ab
04,$ABED,$12BED,3,れをか,a9 ac 85
04,$ABFF,$12BFF,3,Gをれ,56 ac a9
04,$AC57,$12C57,3,Kあよ,5a 80 a5
04,$AC62,$12C62,4,Zあせわ,69 80 8d ab
04,$AC6D,$12C6D,3,れあか,a9 80 85
04,$AC76,$12C76,3,Xれよ,67 a9 a5
04,$AC87,$12C87,3,れあか,a9 80 85
04,$AC90,$12C90,3,Xれん,67 a9 ad
04,$ACA2,$12CA2,3,Zハか,69 c9 85
04,$ACA8,$12CA8,3,Z*か,69 6a 85
04,$ACB4,$12CB4,3,Kもら,5a a2 a6
04,$ACB8,$12CB8,3,セ<!,bd 70 6c
04,$ACBD,$12CBD,5,0<!ろゆ,7d 70 6c aa a4
04,$ACD0,$12CD0,3,Zへか,69 9c 85
04,$ACD6,$12CD6,3,Z!か,69 6c 85
04,$ACEB,$12CEB,3,Zへか,69 9c 85
04,$ACF1,$12CF1,3,Z!か,69 6c 85
04,$AD05,$12D05,3,Zへか,69 9c 85
04,$AD0B,$12D0B,3,Z!か,69 6c 85
04,$AD1C,$12D1C,3,<!よ,70 6c a5
04,$AD28,$12D28,3,ラ。ん,d6 af ad
04,$AD32,$12D32,3,Fアよ,55 b0 a5
04,$AD46,$12D46,3,ラ。よ,d6 af a5
04,$AD5A,$12D5A,3,モ。れ,d2 af a9
04,$AD5F,$12D5F,4,Zあせわ,69 80 8d ab
04,$AD7C,$12D7C,3,フ。よ,cb af a5
04,$AD8B,$12D8B,3,れあか,a9 80 85
04,$AD94,$12D94,3,Xれよ,67 a9 a5
04,$ADA5,$12DA5,3,れあか,a9 80 85
04,$ADAE,$12DAE,3,Xれん,67 a9 ad
04,$ADC0,$12DC0,3,Zハか,69 c9 85
04,$ADC6,$12DC6,3,Z*か,69 6a 85
04,$ADD2,$12DD2,3,Kもら,5a a2 a6
04,$ADD6,$12DD6,3,セ<!,bd 70 6c
04,$ADDB,$12DDB,5,0<!ろゆ,7d 70 6c aa a4
04,$ADEE,$12DEE,3,Zへか,69 9c 85
04,$ADF4,$12DF4,3,Z!か,69 6c 85
04,$AE09,$12E09,3,Zへか,69 9c 85
04,$AE0F,$12E0F,3,Z!か,69 6c 85
04,$AE23,$12E23,3,Zへか,69 9c 85
04,$AE29,$12E29,3,Z!か,69 6c 85
04,$AE3A,$12E3A,3,<!よ,70 6c a5
04,$AE42,$12E42,3,フ。よ,cb af a5
04,$AE51,$12E51,3,れあか,a9 80 85
04,$AE5A,$12E5A,3,Xれよ,67 a9 a5
04,$AE69,$12E69,3,れあか,a9 80 85
04,$AE72,$12E72,3,Xれん,67 a9 ad
04,$AE84,$12E84,3,Zハか,69 c9 85
04,$AE8A,$12E8A,3,Z*か,69 6a 85
04,$AE96,$12E96,3,Kもら,5a a2 a6
04,$AE9A,$12E9A,3,セ<!,bd 70 6c
04,$AE9F,$12E9F,5,0<!ろゆ,7d 70 6c aa a4
04,$AEB2,$12EB2,3,Zへか,69 9c 85
04,$AEB8,$12EB8,3,Z!か,69 6c 85
04,$AECD,$12ECD,3,Zへか,69 9c 85
04,$AED3,$12ED3,3,Z!か,69 6c 85
04,$AEE7,$12EE7,3,Zへか,69 9c 85
04,$AEED,$12EED,3,Z!か,69 6c 85
04,$AEFE,$12EFE,3,<!よ,70 6c a5
04,$AF06,$12F06,3,フ。よ,cb af a5
04,$AF15,$12F15,3,れあか,a9 80 85
04,$AF1E,$12F1E,3,Xれよ,67 a9 a5
04,$AF2F,$12F2F,3,れあか,a9 80 85
04,$AF38,$12F38,3,Xれん,67 a9 ad
04,$AF4A,$12F4A,3,Zハか,69 c9 85
04,$AF50,$12F50,3,Z*か,69 6a 85
04,$AF5C,$12F5C,3,Kもら,5a a2 a6
04,$AF60,$12F60,3,セ<!,bd 70 6c
04,$AF65,$12F65,5,0<!ろゆ,7d 70 6c aa a4
04,$AF78,$12F78,3,Zへか,69 9c 85
04,$AF7E,$12F7E,3,Z!か,69 6c 85
04,$AF93,$12F93,3,Zへか,69 9c 85
04,$AF99,$12F99,3,Z!か,69 6c 85
04,$AFAD,$12FAD,3,Zへか,69 9c 85
04,$AFB3,$12FB3,3,Z!か,69 6c 85
04,$AFC4,$12FC4,3,<!よ,70 6c a5
04,$AFD0,$12FD0,3,ラ。れ,d6 af a9
04,$B075,$13075,3,たイん,8f b1 ad
04,$B089,$13089,3,たイん,8f b1 ad
04,$B0A5,$130A5,3,Z1か,69 74 85
04,$B0AB,$130AB,3,Z!か,69 6c 85
04,$B0BA,$130BA,3,たイれ,8f b1 a9
04,$B15F,$1315F,3,たイよ,8f b1 a5
04,$B1CD,$131CD,5,セエん9!,bd b3 ad 7c 6c
04,$B1D7,$131D7,3,?ウれ,6d b2 a9
04,$B1F4,$131F4,3,セエも,bd b3 a2
04,$B202,$13202,3,Zハか,69 c9 85
04,$B208,$13208,3,Z*か,69 6a 85
04,$B238,$13238,3,Zハか,69 c9 85
04,$B23E,$1323E,3,Z*か,69 6a 85
04,$B26E,$1326E,3,サスよ,ba bc a5
04,$B289,$13289,4,Zあせわ,69 80 8d ab
04,$B29F,$1329F,3,Xれれ,67 a9 a9
04,$B2A6,$132A6,3,Qめれ,60 a1 a9
04,$B2C3,$132C3,5,Qセヤ-せ,60 bd d3 6b 8d
04,$B2D1,$132D1,3,<!れ,70 6c a9
04,$B2DA,$132DA,4,いん5!,81 ad 78 6c
04,$B2E0,$132E0,4,せ5!れ,8d 78 6c a9
04,$B2E8,$132E8,3,セエれ,bd b3 a9
04,$B2ED,$132ED,4,Zあせわ,69 80 8d ab
04,$B2FA,$132FA,3,れチか,a9 c0 85
04,$B303,$13303,3,Xれれ,67 a9 a9
04,$B30F,$1330F,3,れチか,a9 c0 85
04,$B318,$13318,3,Xれれ,67 a9 a9
04,$B32A,$1332A,3,てりれ,92 a7 a9
04,$B332,$13332,4,いん5!,81 ad 78 6c
04,$B337,$13337,7,あせ5!ん6!,80 8d 78 6c ad 79 6c
04,$B33F,$1333F,7,あせ6!ん7!,80 8d 79 6c ad 7a 6c
04,$B347,$13347,7,あせ7!ん8!,80 8d 7a 6c ad 7b 6c
04,$B34F,$1334F,5,あせ8!よ,80 8d 7b 6c a5
04,$B36C,$1336C,5,セエん5!,bd b3 ad 78 6c
04,$B372,$13372,7,・せ5!ん6!,7f 8d 78 6c ad 79 6c
04,$B37A,$1337A,7,・せ6!ん7!,7f 8d 79 6c ad 7a 6c
04,$B382,$13382,7,・せ7!ん8!,7f 8d 7a 6c ad 7b 6c
04,$B38A,$1338A,5,・せ8!れ,7f 8d 7b 6c a9
04,$B397,$13397,5,Qセヤ-せ,60 bd d3 6b 8d
04,$B3B0,$133B0,4,いん5!,81 ad 78 6c
04,$B3B6,$133B6,4,せ5!れ,8d 78 6c a9
04,$B3DE,$133DE,3,すオん,8c b4 ad
04,$B3E8,$133E8,3,すオん,8c b4 ad
04,$B3F2,$133F2,3,Jキよ,59 b6 a5
04,$B411,$13411,3,すオれ,8c b4 a9
04,$B416,$13416,4,Zあせわ,69 80 8d ab
04,$B429,$13429,3,れチか,a9 c0 85
04,$B432,$13432,3,Xれん,67 a9 ad
04,$B460,$13460,5,Qセヤ-せ,60 bd d3 6b 8d
04,$B473,$13473,3,<!れ,70 6c a9
04,$B47C,$1347C,4,いん5!,81 ad 78 6c
04,$B482,$13482,4,せ5!れ,8d 78 6c a9
04,$B48A,$1348A,3,Fキれ,55 b6 a9
04,$B4AD,$134AD,4,Zあせわ,69 80 8d ab
04,$B4C0,$134C0,3,れチか,a9 c0 85
04,$B4C9,$134C9,3,Xれん,67 a9 ad
04,$B4F7,$134F7,5,Qセヤ-せ,60 bd d3 6b 8d
04,$B50A,$1350A,3,>!れ,71 6c a9
04,$B513,$13513,4,いん6!,81 ad 79 6c
04,$B519,$13519,4,せ6!れ,8d 79 6c a9
04,$B521,$13521,3,Fキれ,55 b6 a9
04,$B531,$13531,3,サカれ,ba b5 a9
04,$B53F,$1353F,3,サカれ,ba b5 a9
04,$B544,$13544,4,Zあせわ,69 80 8d ab
04,$B557,$13557,3,れチか,a9 c0 85
04,$B560,$13560,3,Xれん,67 a9 ad
04,$B58E,$1358E,5,Qセヤ-せ,60 bd d3 6b 8d
04,$B5A1,$135A1,3,/!れ,72 6c a9
04,$B5AA,$135AA,4,いん7!,81 ad 7a 6c
04,$B5B0,$135B0,4,せ7!れ,8d 7a 6c a9
04,$B5B8,$135B8,3,Fキれ,55 b6 a9
04,$B5C8,$135C8,3,Bキれ,51 b6 a9
04,$B5D6,$135D6,3,Bキれ,51 b6 a9
04,$B5DB,$135DB,4,Zあせわ,69 80 8d ab
04,$B5EE,$135EE,3,れチか,a9 c0 85
04,$B5F7,$135F7,3,Xれん,67 a9 ad
04,$B625,$13625,5,Qセヤ-せ,60 bd d3 6b 8d
04,$B638,$13638,3,~!れ,73 6c a9
04,$B641,$13641,4,いん8!,81 ad 7b 6c
04,$B647,$13647,4,せ8!れ,8d 7b 6c a9
04,$B64F,$1364F,3,Fキれ,55 b6 a9
04,$B6AE,$136AE,3,ヘあれ,cc 80 a9
04,$B6C3,$136C3,3,ンあよ,dc 80 a5
04,$B6CE,$136CE,4,Zあせわ,69 80 8d ab
04,$B6EE,$136EE,4,Zあせわ,69 80 8d ab
04,$B70E,$1370E,4,Zあせわ,69 80 8d ab
04,$B717,$13717,4,JキQら,59 b6 60 a6
04,$B74C,$1374C,3,んクら,ad b7 a6
04,$B750,$13750,4,セ<!ハ,bd 70 6c c9
04,$B762,$13762,3,んクゆ,ad b7 a4
04,$B76C,$1376C,3,Z1か,69 74 85
04,$B772,$13772,3,Z!か,69 6c 85
04,$B781,$13781,3,んクん,ad b7 ad
04,$B7A7,$137A7,3,んクれ,ad b7 a9
04,$B85B,$1385B,3,Aいよ,50 81 a5
04,$B8B4,$138B4,3,Aいよ,50 81 a5
04,$B8D6,$138D6,3,Eいよ,54 81 a5
04,$B8F8,$138F8,4,さケYか,8a b8 68 85
04,$B927,$13927,3,なあよ,94 80 a5
04,$B936,$13936,3,Iいよ,58 81 a5
04,$B944,$13944,3,Mコよ,5c b9 a5
04,$B94F,$1394F,3,ムあよ,d0 80 a5
04,$B95A,$1395A,3,Mいん,5c 81 ad
04,$B965,$13965,4,サん9!,ba ad 7c 6c
04,$B990,$13990,3,Qいよ,60 81 a5
04,$B99D,$1399D,4,Zあせわ,69 80 8d ab
04,$B9A6,$139A6,3,9コハ,7c b9 c9
04,$B9B4,$139B4,3,サコれ,ba b9 a9
04,$B9C4,$139C4,4,Zあせわ,69 80 8d ab
04,$B9DD,$139DD,4,Zあせわ,69 80 8d ab
04,$B9F9,$139F9,3,Z1か,69 74 85
04,$B9FF,$139FF,3,Z!か,69 6c 85
04,$BA27,$13A27,3,なあよ,94 80 a5
04,$BA36,$13A36,3,Iいよ,58 81 a5
04,$BA44,$13A44,3,Mサよ,5c ba a5
04,$BA4F,$13A4F,3,ムあよ,d0 80 a5
04,$BA5A,$13A5A,3,Mいん,5c 81 ad
04,$BA76,$13A76,3,なあよ,94 80 a5
04,$BA85,$13A85,3,Iいよ,58 81 a5
04,$BA93,$13A93,3,わサよ,ab ba a5
04,$BA9E,$13A9E,3,ムあよ,d0 80 a5
04,$BAA9,$13AA9,3,Mいん,5c 81 ad
04,$BAC5,$13AC5,3,なあよ,94 80 a5
04,$BAD4,$13AD4,3,Iいよ,58 81 a5
04,$BAED,$13AED,3,ムあよ,d0 80 a5
04,$BAF8,$13AF8,4,MいYか,5c 81 68 85
04,$BB2D,$13B2D,3,せスれ,8d bc a9
04,$BB4C,$13B4C,3,ムMれ,d0 5c a9
04,$BB7B,$13B7B,3,ラシれ,d6 bb a9
04,$BBA8,$13BA8,3,ラシれ,d6 bb a9
04,$BC01,$13C01,3,ヘあれ,cc 80 a9
04,$BC16,$13C16,3,ンあよ,dc 80 a5
04,$BC21,$13C21,4,Zあせわ,69 80 8d ab
04,$BC36,$13C36,3,0スよ,7d bc a5
04,$BC41,$13C41,4,Zあせわ,69 80 8d ab
04,$BC56,$13C56,3,0スよ,7d bc a5
04,$BC5A,$13C5A,3,ハあム,c9 80 d0
04,$BC61,$13C61,4,Zあせわ,69 80 8d ab
04,$BC67,$13C67,3,せスよ,8d bc a5
04,$BC72,$13C72,4,Zあせわ,69 80 8d ab
04,$BC7C,$13C7C,3,シYか,bb 68 85
04,$BCE9,$13CE9,3,ノセん,c8 bd ad
04,$BCF2,$13CF2,4,-ム~セ,6b d0 73 bd
04,$BD33,$13D33,3,Uいよ,64 81 a5
04,$BD51,$13D51,3,ヘあれ,cc 80 a9
04,$BD66,$13D66,3,Gソセ,56 be bd
04,$BDB1,$13DB1,3,ヘあれ,cc 80 a9
04,$BDC6,$13DC6,3,Gソれ,56 be a9
04,$BE42,$13E42,3,ヘあれ,cc 80 a9
04,$BE57,$13E57,3,ンあよ,dc 80 a5
04,$BE62,$13E62,4,Zあせわ,69 80 8d ab
04,$BE90,$13E90,4,Zあせわ,69 80 8d ab
04,$BEB4,$13EB4,3,ハあム,c9 80 d0
04,$BEBB,$13EBB,4,Zあせわ,69 80 8d ab
04,$BED9,$13ED9,4,Zあせわ,69 80 8d ab
04,$BEE2,$13EE2,4,ノスYか,c8 bc 68 85
04,$BEF3,$13EF3,3,Zへか,69 9c 85
04,$BEF9,$13EF9,3,Z!か,69 6c 85
04,$BF09,$13F09,3,Zむか,69 a0 85
04,$BF0F,$13F0F,3,Z!か,69 6c 85
04,$BF1F,$13F1F,3,Zゆか,69 a4 85
04,$BF25,$13F25,3,Z!か,69 6c 85
04,$BF38,$13F38,3,ちカき,90 b5 86
05,$800A,$1400A,3,YツQ,68 c1 60
05,$800E,$1400E,3,わチQ,ab c0 60
05,$801A,$1401A,3,サチQ,ba c0 60
05,$8022,$14022,3,ルチQ,d8 c0 60
05,$802E,$1402E,3,EチQ,54 c0 60
05,$8032,$14032,3,ニツQ,c5 c1 60
05,$803A,$1403A,3,るチQ,a8 c0 60
05,$804A,$1404A,3,ユツQ,d4 c1 60
05,$804E,$1404E,3,リツQ,d7 c1 60
05,$8052,$14052,3,ロツQ,da c1 60
05,$8082,$14082,3,1たれ,74 8f a9
05,$8095,$14095,3,シされ,bb 8a a9
05,$80A3,$140A3,3,れきか,a9 86 85
05,$80A7,$140A7,3,れいか,a9 81 85
05,$80BA,$140BA,3,れそか,a9 8e 85
05,$80BE,$140BE,3,れいか,a9 81 85
05,$80D1,$140D1,3,れのか,a9 98 85
05,$80D5,$140D5,3,れいか,a9 81 85
05,$80E8,$140E8,3,れもか,a9 a2 85
05,$80EC,$140EC,3,れいか,a9 81 85
05,$80FF,$140FF,3,れ、か,a9 ae 85
05,$8103,$14103,3,れいか,a9 81 85
05,$812E,$1412E,3,マいよ,ce 81 a5
05,$814B,$1414B,3,れキか,a9 b6 85
05,$814F,$1414F,3,れいか,a9 81 85
05,$815F,$1415F,4,あれUか,80 a9 64 85
05,$8183,$14183,4,XあQか,7e 80 60 85
05,$81A4,$141A4,3,フ。シ,cb af bb
05,$81B6,$141B6,3,か、ん,85 ae ad
05,$81C4,$141C4,3,た、さ,8f ae 8a
05,$81DE,$141DE,3,こねれ,89 97 a9
05,$81F0,$141F0,3,れおか,a9 84 85
05,$8202,$14202,3,ヒけよ,ca 88 a5
05,$820D,$1420D,4,のえ、あ,98 83 ae 80
05,$8232,$14232,3,Bあれ,51 80 a9
05,$8244,$14244,3,れおか,a9 84 85
05,$8293,$14293,3,8うれ,7b 82 a9
05,$82BF,$142BF,3,Fあれ,55 80 a9
05,$82DA,$142DA,4,Zあせわ,69 80 8d ab
05,$82E0,$142E0,3,けえよ,88 83 a5
05,$82EB,$142EB,4,Zあせわ,69 80 8d ab
05,$82F1,$142F1,3,けえハ,88 83 c9
05,$82FA,$142FA,4,Zあせわ,69 80 8d ab
05,$8307,$14307,3,ハあム,c9 80 d0
05,$830E,$1430E,4,Zあせわ,69 80 8d ab
05,$8324,$14324,4,Zあせわ,69 80 8d ab
05,$835A,$1435A,4,Zあせわ,69 80 8d ab
05,$8386,$14386,3,はうよ,99 82 a5
05,$8399,$14399,4,ニお、あ,c5 84 ae 80
05,$83AB,$143AB,3,アKよ,b0 5a a5
05,$83B2,$143B2,3,Zチか,69 c0 85
05,$83B8,$143B8,3,Z?か,69 6d 85
05,$83D5,$143D5,3,れかか,a9 85 85
05,$83EF,$143EF,4,Zあせわ,69 80 8d ab
05,$83F4,$143F4,3,れUか,a9 64 85
05,$8405,$14405,3,りえれ,a7 83 a9
05,$840A,$1440A,4,Zあせわ,69 80 8d ab
05,$841F,$1441F,3,れかか,a9 85 85
05,$8446,$14446,3,ヒけよ,ca 88 a5
05,$844F,$1444F,3,2、あ,75 ae 80
05,$8472,$14472,3,ぬおん,96 84 ad
05,$8482,$14482,3,ぬおん,96 84 ad
05,$8495,$14495,3,。、あ,af ae 80
05,$84BB,$144BB,3,ヨくよ,d5 87 a5
05,$84D0,$144D0,3,ラおれ,d6 84 a9
05,$84E8,$144E8,3,た、れ,8f ae a9
05,$84EC,$144EC,3,て、す,92 ae 8c
05,$8500,$14500,3,は、ん,99 ae ad
05,$8504,$14504,3,こ、う,89 ae 82
05,$8528,$14528,3,た、さ,8f ae 8a
05,$853C,$1453C,3,は、ん,99 ae ad
05,$8540,$14540,3,こ、う,89 ae 82
05,$8546,$14546,3,か、ち,85 ae 90
05,$854A,$1454A,3,か、い,85 ae 81
05,$8563,$14563,3,ムBれ,d0 51 a9
05,$8577,$14577,3,こねれ,89 97 a9
05,$8585,$14585,3,れLか,a9 5b 85
05,$8589,$14589,3,れきか,a9 86 85
05,$859D,$1459D,4,Zあせわ,69 80 8d ab
05,$85AE,$145AE,4,Zあせわ,69 80 8d ab
05,$85C5,$145C5,3,ヨくよ,d5 87 a5
05,$85D8,$145D8,7,ほむ>ほノ>セ,9d a0 71 9d c8 71 bd
05,$85EB,$145EB,8,/ほY/ほち/よ,72 9d 68 72 9d 90 72 a5
05,$85FB,$145FB,3,Zムか,69 d0 85
05,$8601,$14601,3,Z!か,69 6c 85
05,$860C,$1460C,3,ハ*ム,c9 6a d0
05,$8621,$14621,3,Zチか,69 c0 85
05,$8627,$14627,3,Z?か,69 6d 85
05,$8647,$14647,3,ZQか,69 60 85
05,$864D,$1464D,3,む・つ,a0 7f 91
05,$8691,$14691,3,こねれ,89 97 a9
05,$869F,$1469F,3,れひか,a9 9a 85
05,$86A3,$146A3,3,れくか,a9 87 85
05,$86B7,$146B7,4,Zあせわ,69 80 8d ab
05,$86C6,$146C6,4,Zあせわ,69 80 8d ab
05,$86D5,$146D5,3,こねれ,89 97 a9
05,$86E3,$146E3,3,れXか,a9 7e 85
05,$86E7,$146E7,3,れくか,a9 87 85
05,$86F9,$146F9,3,ヒけよ,ca 88 a5
05,$8713,$14713,3,こねれ,89 97 a9
05,$8721,$14721,3,れ、か,a9 ae 85
05,$8725,$14725,3,れくか,a9 87 85
05,$8739,$14739,4,Zあせわ,69 80 8d ab
05,$873E,$1473E,3,れUか,a9 64 85
05,$8749,$14749,3,ヨくよ,d5 87 a5
05,$8752,$14752,6,れあほノ>れ,a9 80 9d c8 71 a9
05,$8759,$14759,3,ほむ>,9d a0 71
05,$876F,$1476F,3,たんあ,8f ad 80
05,$8780,$14780,3,す、れ,8c ae a9
05,$878E,$1478E,3,て、く,92 ae 87
05,$8792,$14792,3,た、さ,8f ae 8a
05,$87B6,$147B6,3,て、き,92 ae 86
05,$87C5,$147C5,3,ヨくよ,d5 87 a5
05,$87D3,$147D3,3,チQよ,c0 60 a5
05,$87DF,$147DF,3,こねれ,89 97 a9
05,$87ED,$147ED,3,れろか,a9 aa 85
05,$87F1,$147F1,3,れけか,a9 88 85
05,$87FC,$147FC,3,れスか,a9 bc 85
05,$8800,$14800,3,れけか,a9 88 85
05,$880B,$1480B,3,れナか,a9 c4 85
05,$880F,$1480F,3,れけか,a9 88 85
05,$8847,$14847,4,Zあせわ,69 80 8d ab
05,$8865,$14865,3,ハあム,c9 80 d0
05,$886C,$1486C,4,Zあせわ,69 80 8d ab
05,$888E,$1488E,4,Zあせわ,69 80 8d ab
05,$88B2,$148B2,3,て、す,92 ae 8c
05,$88F7,$148F7,3,あんあ,80 ad 80
05,$8953,$14953,3,Fあれ,55 80 a9
05,$896E,$1496E,4,Zあせわ,69 80 8d ab
05,$8984,$14984,4,Zあせわ,69 80 8d ab
05,$8999,$14999,4,Zあせわ,69 80 8d ab
05,$89AF,$149AF,4,Zあせわ,69 80 8d ab
05,$8A0D,$14A0D,4,レけYか,d9 88 68 85
05,$8A2A,$14A2A,3,ハあム,c9 80 d0
05,$8A31,$14A31,4,Zあせわ,69 80 8d ab
05,$8A47,$14A47,4,Zあせわ,69 80 8d ab
05,$8A5B,$14A5B,4,Zあせわ,69 80 8d ab
05,$8A79,$14A79,3,なされ,94 8a a9
05,$8A80,$14A80,3,なされ,94 8a a9
05,$8A87,$14A87,3,なされ,94 8a a9
05,$8A8E,$14A8E,3,なされ,94 8a a9
05,$8AAE,$14AAE,3,さん・,8a ad 7f
05,$8B51,$14B51,3,れそか,a9 8e 85
05,$8B64,$14B64,3,れそか,a9 8e 85
05,$8B77,$14B77,3,れそか,a9 8e 85
05,$8B8A,$14B8A,3,れそか,a9 8e 85
05,$8B9D,$14B9D,3,れそか,a9 8e 85
05,$8BD1,$14BD1,6,セノ>ハあム,bd c8 71 c9 80 d0
05,$8BD8,$14BD8,4,セむ>ム,bd a0 71 d0
05,$8C21,$14C21,3,Zムか,69 d0 85
05,$8C27,$14C27,3,Z!か,69 6c 85
05,$8C40,$14C40,4,セむ>か,bd a0 71 85
05,$8C45,$14C45,4,セノ>か,bd c8 71 85
05,$8C63,$14C63,4,セY/か,bd 68 72 85
05,$8C68,$14C68,4,セち/か,bd 90 72 85
05,$8C8B,$14C8B,3,Y/か,68 72 85
05,$8C93,$14C93,3,ち/か,90 72 85
05,$8CAA,$14CAA,4,セY/か,bd 68 72 85
05,$8CAF,$14CAF,4,セち/か,bd 90 72 85
05,$8CB8,$14CB8,3,ムPれ,d0 5f a9
05,$8CE1,$14CE1,3,れ・か,a9 7f 85
05,$8D26,$14D26,3,Dそよ,53 8e a5
05,$8D38,$14D38,3,ちPれ,90 5f a9
05,$8D61,$14D61,3,れ・か,a9 7f 85
05,$8DA9,$14DA9,3,れ・か,a9 7f 85
05,$8E14,$14E14,4,ヌしYか,c6 8b 68 85
05,$8F7E,$14F7E,4,ア(のろ,b0 6e 98 aa
05,$8F85,$14F85,5,アTコノ>,b0 63 b9 c8 71
05,$8F8C,$14F8C,3,セノ>,bd c8 71
05,$8F90,$14F90,4,Fコむ>,55 b9 a0 71
05,$8F95,$14F95,5,む>コノ>,a0 71 b9 c8 71
05,$8F9B,$14F9B,3,ノ>ア,c8 71 b0
05,$8FA1,$14FA1,3,セノ>,bd c8 71
05,$8FA6,$14FA6,9,セむ>レむ>セノ>,bd a0 71 d9 a0 71 bd c8 71
05,$8FB0,$14FB0,3,ノ>ア,c8 71 b0
05,$8FB6,$14FB6,4,コむ>か,b9 a0 71 85
05,$8FBB,$14FBB,4,コノ>か,b9 c8 71 85
05,$8FC0,$14FC0,13,セむ>はむ>セノ>はノ>よ,bd a0 71 99 a0 71 bd c8 71 99 c8 71 a5
05,$8FCE,$14FCE,4,ほむ>よ,9d a0 71 a5
05,$8FD3,$14FD3,4,ほノ>コ,9d c8 71 b9
05,$8FE8,$14FE8,3,えたノ,83 8f c8
05,$8FEC,$14FEC,4,9たYか,7c 8f 68 85
05,$8FF7,$14FF7,6,セノ>ハあム,bd c8 71 c9 80 d0
05,$8FFE,$14FFE,3,セむ>,bd a0 71
05,$9024,$15024,3,こねれ,89 97 a9
05,$9032,$15032,3,れタか,a9 bf 85
05,$9036,$15036,3,れにか,a9 95 85
05,$9043,$15043,3,れにか,a9 95 85
05,$904C,$1504C,3,れらか,a9 a6 85
05,$9050,$15050,3,れにか,a9 95 85
05,$905D,$1505D,3,れぬか,a9 96 85
05,$9066,$15066,3,れらか,a9 a6 85
05,$906A,$1506A,3,れにか,a9 95 85
05,$9077,$15077,3,れぬか,a9 96 85
05,$9080,$15080,3,れらか,a9 a6 85
05,$9084,$15084,3,れにか,a9 95 85
05,$9091,$15091,3,れぬか,a9 96 85
05,$909A,$1509A,3,れらか,a9 a6 85
05,$909E,$1509E,3,れにか,a9 95 85
05,$90A7,$150A7,3,れFか,a9 55 85
05,$90AB,$150AB,3,れぬか,a9 96 85
05,$90B4,$150B4,3,れらか,a9 a6 85
05,$90B8,$150B8,3,れにか,a9 95 85
05,$90C1,$150C1,3,れ(か,a9 6e 85
05,$90C5,$150C5,3,れぬか,a9 96 85
05,$90CE,$150CE,3,れらか,a9 a6 85
05,$90D2,$150D2,3,れにか,a9 95 85
05,$90DB,$150DB,3,れくか,a9 87 85
05,$90DF,$150DF,3,れぬか,a9 96 85
05,$90E8,$150E8,3,れルか,a9 d8 85
05,$90EC,$150EC,3,れにか,a9 95 85
05,$90F1,$150F1,3,ノぬれ,c8 96 a9
05,$90FB,$150FB,3,れケか,a9 b8 85
05,$90FF,$150FF,3,れぬか,a9 96 85
05,$910A,$1510A,3,れチか,a9 c0 85
05,$910E,$1510E,3,れぬか,a9 96 85
05,$911D,$1511D,3,れむか,a9 a0 85
05,$9121,$15121,3,れぬか,a9 96 85
05,$912C,$1512C,3,れ*か,a9 6a 85
05,$9153,$15153,4,れ*ほい,a9 6a 9d 81
05,$91A2,$151A2,4,Zあせわ,69 80 8d ab
05,$91AC,$151AC,3,いにハ,81 95 c9
05,$91B3,$151B3,3,Pてれ,5f 92 a9
05,$91B8,$151B8,4,Zあせわ,69 80 8d ab
05,$91D7,$151D7,4,れ*ほい,a9 6a 9d 81
05,$91E4,$151E4,3,2とよ,75 93 a5
05,$91F4,$151F4,3,アいよ,b0 81 a5
05,$9207,$15207,6,4つヒヒセい,77 91 ca ca bd 81
05,$920E,$1520E,3,ハかア,c9 85 b0
05,$9214,$15214,4,てハなち,92 c9 94 90
05,$922A,$1522A,6,4つヒヒセい,77 91 ca ca bd 81
05,$9231,$15231,3,ハはア,c9 99 b0
05,$9236,$15236,5,4つハまち,77 91 c9 9e 90
05,$9251,$15251,3,れいか,a9 81 85
05,$925D,$1525D,3,4つハ,77 91 c9
05,$9266,$15266,4,Zあせわ,69 80 8d ab
05,$9277,$15277,3,*とら,6a 93 a6
05,$927F,$1527F,4,セふにか,bd 9b 95 85
05,$9285,$15285,3,*とよ,6a 93 a5
05,$929C,$1529C,3,*とハ,6a 93 c9
05,$92A0,$152A0,3,ムBれ,d0 51 a9
05,$92A5,$152A5,4,Zあせわ,69 80 8d ab
05,$92BB,$152BB,3,ツてれ,c1 92 a9
05,$92CD,$152CD,3,*とら,6a 93 a6
05,$92DA,$152DA,3,*とよ,6a 93 a5
05,$92F1,$152F1,5,*とハあム,6a 93 c9 80 d0
05,$92FA,$152FA,4,Zあせわ,69 80 8d ab
05,$9308,$15308,3,ムQら,d0 60 a6
05,$9315,$15315,3,*とよ,6a 93 a5
05,$932C,$1532C,3,*とハ,6a 93 c9
05,$9335,$15335,4,Zあせわ,69 80 8d ab
05,$934B,$1534B,4,セなにか,bd 94 95 85
05,$9351,$15351,3,*とよ,6a 93 a5
05,$9368,$15368,3,*とよ,6a 93 a5
05,$9373,$15373,3,4つれ,77 91 a9
05,$9378,$15378,4,Zあせわ,69 80 8d ab
05,$9384,$15384,3,こねれ,89 97 a9
05,$9392,$15392,3,れおか,a9 84 85
05,$939D,$1539D,3,れ*か,a9 6a 85
05,$93BF,$153BF,4,れ*ほせ,a9 6a 9d 8d
05,$9400,$15400,4,Zあせわ,69 80 8d ab
05,$940A,$1540A,3,いにハ,81 95 c9
05,$9411,$15411,3,るなれ,a8 94 a9
05,$9416,$15416,4,Zあせわ,69 80 8d ab
05,$9427,$15427,4,んれ*ヌ,ad a9 6a c6
05,$9432,$15432,3,~なハ,73 94 c9
05,$9441,$15441,4,Zあせわ,69 80 8d ab
05,$9447,$15447,3,ヨとも,d5 93 a2
05,$9450,$15450,3,~ほせ,73 9d 8d
05,$9461,$15461,3,2にら,75 95 a6
05,$946A,$1546A,3,ヨとよ,d5 93 a5
05,$94A6,$154A6,3,ヨとハ,d5 93 c9
05,$94AF,$154AF,4,Zあせわ,69 80 8d ab
05,$94BD,$154BD,3,*によ,6a 95 a5
05,$94D1,$154D1,3,*にハ,6a 95 c9
05,$94DA,$154DA,4,Zあせわ,69 80 8d ab
05,$94E8,$154E8,3,*によ,6a 95 a5
05,$94FE,$154FE,5,*にハあム,6a 95 c9 80 d0
05,$9507,$15507,4,Zあせわ,69 80 8d ab
05,$951D,$1551D,3,*にれ,6a 95 a9
05,$9533,$15533,3,*にハ,6a 95 c9
05,$953C,$1553C,4,Zあせわ,69 80 8d ab
05,$9552,$15552,3,*にれ,6a 95 a9
05,$9559,$15559,3,*にヌ,6a 95 c6
05,$9568,$15568,3,*によ,6a 95 a5
05,$9573,$15573,3,ヨとれ,d5 93 a9
05,$9578,$15578,4,Zあせわ,69 80 8d ab
05,$96B0,$156B0,3,た、さ,8f ae 8a
05,$96BA,$156BA,3,と、る,93 ae a8
05,$96E5,$156E5,4,ヨぬYか,d5 96 68 85
05,$9717,$15717,7,Qあいうえお1,60 80 81 82 83 84 74
05,$971F,$1571F,6,かきくけこ2,85 86 87 88 89 75
05,$9726,$15726,6,さしすせそ3,8a 8b 8c 8d 8e 76
05,$972D,$1572D,6,たちつてと4,8f 90 91 92 93 77
05,$9734,$15734,6,なにぬねの5,94 95 96 97 98 78
05,$973B,$1573B,6,はひふへほ6,99 9a 9b 9c 9d 79
05,$9742,$15742,6,まみむめも7,9e 9f a0 a1 a2 7a
05,$9749,$15749,6,らりるれろ8,a6 a7 a8 a9 aa 7b
05,$9750,$15750,6,やゆよ、。9,a3 a4 a5 ae af 7c
05,$97D6,$157D6,3,シされ,bb 8a a9
05,$97E4,$157E4,3,れOか,a9 5e 85
05,$97F4,$157F4,3,れNか,a9 5d 85
05,$9809,$15809,3,れFか,a9 55 85
05,$9819,$15819,3,れOか,a9 5e 85
05,$9829,$15829,3,れNか,a9 5d 85
05,$983E,$1583E,3,れFか,a9 55 85
05,$985A,$1585A,3,れはか,a9 99 85
05,$9869,$15869,3,れはか,a9 99 85
05,$9878,$15878,3,れはか,a9 99 85
05,$9887,$15887,3,れはか,a9 99 85
05,$9896,$15896,3,れはか,a9 99 85
05,$98A8,$158A8,3,ハみよ,c9 9f a5
05,$98AF,$158AF,3,Aんら,50 ad a6
05,$98FE,$158FE,4,ヘねQメ,cc 97 60 d1
05,$9913,$15913,3,ハ。-,c9 af 6b
05,$99C6,$159C6,3,れひか,a9 9a 85
05,$99D5,$159D5,3,れふか,a9 9b 85
05,$9A4D,$15A4D,3,Z<か,69 70 85
05,$9A5A,$15A5A,4,セラ)か,bd d6 6f 85
05,$9A71,$15A71,3,ちエれ,90 b3 a9
05,$9AAE,$15AAE,3,Z<か,69 70 85
05,$9ABE,$15ABE,5,ろセラ)か,aa bd d6 6f 85
05,$9AE4,$15AE4,3,エYか,b3 68 85
05,$9AF7,$15AF7,3,ヘ、ス,cc ae bc
05,$9B41,$15B41,4,んモまか,ad d2 9e 85
05,$9B52,$15B52,4,んヤまか,ad d3 9e 85
05,$9B61,$15B61,4,んユまか,ad d4 9e 85
05,$9B70,$15B70,4,んヨまか,ad d5 9e 85
05,$9B7F,$15B7F,4,んラまか,ad d6 9e 85
05,$9B8E,$15B8E,4,んリまか,ad d7 9e 85
05,$9B9A,$15B9A,4,あれ1か,80 a9 74 85
05,$9BBE,$15BBE,3,れ1か,a9 74 85
05,$9BD8,$15BD8,3,Z(か,69 6e 85
05,$9BF3,$15BF3,3,ちヨよ,90 d5 a5
05,$9C03,$15C03,3,れ1か,a9 74 85
05,$9C0D,$15C0D,4,あれ-か,80 a9 6b 85
05,$9C18,$15C18,4,あれ、か,80 a9 ae 85
05,$9C23,$15C23,4,あれ。か,80 a9 af 85
05,$9CF9,$15CF9,3,れQか,a9 60 85
05,$9CFD,$15CFD,3,れ(か,a9 6e 85
05,$9D1B,$15D1B,3,Z(か,69 6e 85
05,$9D58,$15D58,3,Oほれ,5e 9d a9
05,$9D84,$15D84,3,ちくよ,90 87 a5
05,$9DA0,$15DA0,3,Z(か,69 6e 85
05,$9DB1,$15DB1,3,れ1か,a9 74 85
05,$9DBE,$15DBE,3,れ9か,a9 7c 85
05,$9DCB,$15DCB,3,れ9か,a9 7c 85
05,$9DE4,$15DE4,3,Z(か,69 6e 85
05,$9DED,$15DED,3,Nみれ,5d 9f a9
05,$9E03,$15E03,3,Z(か,69 6e 85
05,$9E12,$15E12,3,れ-か,a9 6b 85
05,$9E2D,$15E2D,3,Z(か,69 6e 85
05,$9E43,$15E43,3,てほれ,92 9d a9
05,$9E5F,$15E5F,3,Z(か,69 6e 85
05,$9E6F,$15E6F,5,ろセレまか,aa bd d9 9e 85
05,$9E76,$15E76,4,セレまか,bd d9 9e 85
05,$9EC1,$15EC1,3,あYか,80 68 85
05,$9ED1,$15ED1,7,Q<やくまん>,60 70 a3 87 9e ad 71
05,$9F10,$15F10,3,TUV,63 64 65
05,$9F17,$15F17,3,TUV,63 64 65
05,$9F3D,$15F3D,3,た、や,8f ae a3
05,$9F7C,$15F7C,3,<みよ,70 9f a5
05,$9F9C,$15F9C,3,れ0か,a9 7d 85
05,$9FB8,$15FB8,3,あYか,80 68 85
05,$9FD6,$15FD6,3,ハあム,c9 80 d0
05,$9FDD,$15FDD,4,Zあせわ,69 80 8d ab
05,$9FF3,$15FF3,4,Zあせわ,69 80 8d ab
05,$A007,$16007,4,Zあせわ,69 80 8d ab
05,$A00D,$1600D,3,Iむよ,58 a0 a5
05,$A056,$16056,4,ヘみんら,cc 9f ad a6
05,$A07A,$1607A,3,こねれ,89 97 a9
05,$A088,$16088,3,れつか,a9 91 85
05,$A08C,$1608C,3,れわか,a9 ab 85
05,$A09E,$1609E,3,ヒけよ,ca 88 a5
05,$A0A9,$160A9,3,ふりら,9b a7 a6
05,$A0BE,$160BE,3,ZQか,69 60 85
05,$A0D3,$160D3,3,れサか,a9 ba 85
05,$A0D7,$160D7,3,れわか,a9 ab 85
05,$A0E2,$160E2,3,れセか,a9 bd 85
05,$A0E6,$160E6,3,れわか,a9 ab 85
05,$A0F1,$160F1,3,れチか,a9 c0 85
05,$A0F5,$160F5,3,れわか,a9 ab 85
05,$A0FA,$160FA,3,、りれ,ae a7 a9
05,$A104,$16104,3,れトか,a9 c3 85
05,$A108,$16108,3,れわか,a9 ab 85
05,$A113,$16113,3,れヌか,a9 c6 85
05,$A117,$16117,3,れわか,a9 ab 85
05,$A122,$16122,3,れハか,a9 c9 85
05,$A126,$16126,3,れわか,a9 ab 85
05,$A131,$16131,3,れヘか,a9 cc 85
05,$A135,$16135,3,れわか,a9 ab 85
05,$A13A,$1613A,3,、りれ,ae a7 a9
05,$A199,$16199,3,れミか,a9 cf 85
05,$A19D,$1619D,3,れわか,a9 ab 85
05,$A1A8,$161A8,3,れヤか,a9 d3 85
05,$A1AC,$161AC,3,れわか,a9 ab 85
05,$A1B7,$161B7,3,れリか,a9 d7 85
05,$A1BB,$161BB,3,れわか,a9 ab 85
05,$A1C6,$161C6,3,れワか,a9 db 85
05,$A1CA,$161CA,3,れわか,a9 ab 85
05,$A1D9,$161D9,3,れわか,a9 ab 85
05,$A1DE,$161DE,3,、りれ,ae a7 a9
05,$A1EC,$161EC,3,れわか,a9 ab 85
05,$A1FB,$161FB,3,れわか,a9 ab 85
05,$A20A,$1620A,3,れわか,a9 ab 85
05,$A219,$16219,3,れわか,a9 ab 85
05,$A228,$16228,3,れわか,a9 ab 85
05,$A22D,$1622D,3,、りれ,ae a7 a9
05,$A2EC,$162EC,3,れわか,a9 ab 85
05,$A2FB,$162FB,3,れわか,a9 ab 85
05,$A306,$16306,3,れハか,a9 c9 85
05,$A30A,$1630A,3,れわか,a9 ab 85
05,$A319,$16319,3,れをか,a9 ac 85
05,$A328,$16328,3,れをか,a9 ac 85
05,$A337,$16337,3,れをか,a9 ac 85
05,$A346,$16346,3,れをか,a9 ac 85
05,$A355,$16355,3,れをか,a9 ac 85
05,$A364,$16364,3,れをか,a9 ac 85
05,$A373,$16373,3,れをか,a9 ac 85
05,$A378,$16378,3,、りれ,ae a7 a9
05,$A386,$16386,3,れをか,a9 ac 85
05,$A395,$16395,3,れをか,a9 ac 85
05,$A3A4,$163A4,3,れをか,a9 ac 85
05,$A3B3,$163B3,3,れをか,a9 ac 85
05,$A3C2,$163C2,3,れをか,a9 ac 85
05,$A3D1,$163D1,3,れをか,a9 ac 85
05,$A3E0,$163E0,3,れをか,a9 ac 85
05,$A3EF,$163EF,3,れをか,a9 ac 85
05,$A3FE,$163FE,3,れをか,a9 ac 85
05,$A40D,$1640D,3,れをか,a9 ac 85
05,$A412,$16412,3,、りれ,ae a7 a9
05,$A516,$16516,3,れBか,a9 51 85
05,$A51A,$1651A,3,れをか,a9 ac 85
05,$A525,$16525,3,れFか,a9 55 85
05,$A529,$16529,3,れをか,a9 ac 85
05,$A534,$16534,3,れKか,a9 5a 85
05,$A538,$16538,3,れをか,a9 ac 85
05,$A543,$16543,3,れPか,a9 5f 85
05,$A547,$16547,3,れをか,a9 ac 85
05,$A552,$16552,3,れUか,a9 64 85
05,$A556,$16556,3,れをか,a9 ac 85
05,$A561,$16561,3,れYか,a9 68 85
05,$A565,$16565,3,れをか,a9 ac 85
05,$A570,$16570,3,れ!か,a9 6c 85
05,$A574,$16574,3,れをか,a9 ac 85
05,$A57F,$1657F,3,れ>か,a9 71 85
05,$A583,$16583,3,れをか,a9 ac 85
05,$A588,$16588,3,、りれ,ae a7 a9
05,$A592,$16592,3,れ3か,a9 76 85
05,$A596,$16596,3,れをか,a9 ac 85
05,$A5A1,$165A1,3,れ8か,a9 7b 85
05,$A5A5,$165A5,3,れをか,a9 ac 85
05,$A5B0,$165B0,3,れ・か,a9 7f 85
05,$A5B4,$165B4,3,れをか,a9 ac 85
05,$A5BF,$165BF,3,れおか,a9 84 85
05,$A5C3,$165C3,3,れをか,a9 ac 85
05,$A5CE,$165CE,3,れけか,a9 88 85
05,$A5D2,$165D2,3,れをか,a9 ac 85
05,$A5DD,$165DD,3,れすか,a9 8c 85
05,$A5E1,$165E1,3,れをか,a9 ac 85
05,$A5EC,$165EC,3,れちか,a9 90 85
05,$A5F0,$165F0,3,れをか,a9 ac 85
05,$A5FF,$165FF,3,れみか,a9 9f 85
05,$A60A,$1660A,3,れにか,a9 95 85
05,$A60E,$1660E,3,れをか,a9 ac 85
05,$A619,$16619,3,れはか,a9 99 85
05,$A61D,$1661D,3,れをか,a9 ac 85
05,$A622,$16622,3,、りれ,ae a7 a9
05,$A710,$16710,3,れほか,a9 9d 85
05,$A714,$16714,3,れをか,a9 ac 85
05,$A723,$16723,3,れみか,a9 9f 85
05,$A732,$16732,3,れみか,a9 9f 85
05,$A73D,$1673D,3,れめか,a9 a1 85
05,$A741,$16741,3,れをか,a9 ac 85
05,$A746,$16746,3,、りれ,ae a7 a9
05,$A79A,$1679A,3,あYか,80 68 85
05,$A7D1,$167D1,4,シりYか,bb a7 68 85
05,$A800,$16800,3,Vるれ,65 a8 a9
05,$A84E,$1684E,3,るYか,a8 68 85
05,$A8C7,$168C7,3,ZUか,69 64 85
05,$A8F8,$168F8,3,れ0か,a9 7d 85
05,$A914,$16914,3,あYか,80 68 85
05,$A91E,$1691E,4,あれ1か,80 a9 74 85
05,$A930,$16930,3,ハXち,c9 7e 90
05,$A934,$16934,3,れ、か,a9 ae 85
05,$A93E,$1693E,4,あれ。か,80 a9 af 85
05,$A952,$16952,4,んんわか,ad ad ab 85
05,$A963,$16963,4,ん、わか,ad ae ab 85
05,$A974,$16974,4,ん。わか,ad af ab 85
05,$A98B,$1698B,4,んイわか,ad b1 ab 85
05,$A99C,$1699C,4,んウわか,ad b2 ab 85
05,$A9AD,$169AD,4,んエわか,ad b3 ab 85
05,$A9BE,$169BE,4,んオわか,ad b4 ab 85
05,$A9D1,$169D1,4,んカわか,ad b5 ab 85
05,$A9E2,$169E2,4,んキわか,ad b6 ab 85
05,$A9F3,$169F3,4,んクわか,ad b7 ab 85
05,$AA04,$16A04,4,んケわか,ad b8 ab 85
05,$AA1B,$16A1B,3,れ、か,a9 ae 85
05,$AB11,$16B11,4,セム!か,bd d0 6c 85
05,$AB26,$16B26,5,セム!ハ、,bd d0 6c c9 ae
05,$AB41,$16B41,3,Aわか,50 ab 85
05,$AB5A,$16B5A,3,ちエれ,90 b3 a9
05,$AB64,$16B64,3,れきか,a9 86 85
05,$AB6F,$16B6F,3,れLか,a9 5b 85
05,$AB7A,$16B7A,3,れうか,a9 82 85
05,$AB8F,$16B8F,3,りQい,a7 60 81
05,$AB93,$16B93,3,す、れ,8c ae a9
05,$ABA1,$16BA1,3,て、く,92 ae 87
05,$ABA5,$16BA5,3,た、さ,8f ae 8a
05,$ABAD,$16BAD,3,なまえ,94 9e 83
05,$ABB1,$16BB1,8,<こしんきろく>,70 89 8b ad 86 aa 87 71
05,$ABCF,$16BCF,3,34う,76 77 82
05,$ABD3,$16BD3,3,)<>,6f 70 71
05,$AC91,$16C91,3,TUS,63 64 62
05,$ACAE,$16CAE,4,セケ/ほ,bd b8 72 9d
05,$ACB3,$16CB3,5,)セス/ほ,6f bd bc 72 9d
05,$ACCC,$16CCC,3,Z<か,69 70 85
05,$ACDE,$16CDE,3,Zムか,69 d0 85
05,$ACE4,$16CE4,3,Z!か,69 6c 85
05,$ACFB,$16CFB,3,んYか,ad 68 85
05,$AD19,$16D19,9,りんセラ)レラ)セ,a7 ad bd d6 6f d9 d6 6f bd
05,$AD26,$16D26,4,)アXち,6f b0 7e 90
05,$AD30,$16D30,3,コラ),b9 d6 6f
05,$AD34,$16D34,3,ラ)コ,d6 6f b9
05,$AD3E,$16D3E,5,ちXセラ),90 67 bd d6 6f
05,$AD44,$16D44,11,コラ)ほラ)Yはラ)セ,b9 d6 6f 9d d6 6f 68 99 d6 6f bd
05,$AD57,$16D57,3,)Yは,6f 68 99
05,$AD75,$16D75,3,Z<か,69 70 85
05,$AD92,$16D92,3,Z<か,69 70 85
05,$ADBC,$16DBC,3,んQよ,ad 60 a5
05,$ADE9,$16DE9,3,れエか,a9 b3 85
05,$AE34,$16E34,3,をイよ,ac b1 a5
05,$AE48,$16E48,3,れ。ハ,a9 af c9
05,$AE4F,$16E4F,3,Lアハ,5b b0 c9
05,$AE7E,$16E7E,3,Fあれ,55 80 a9
05,$AE95,$16E95,4,Zあせわ,69 80 8d ab
05,$AEAA,$16EAA,3,をイよ,ac b1 a5
05,$AEB5,$16EB5,4,Zあせわ,69 80 8d ab
05,$AEC5,$16EC5,3,をイヌ,ac b1 c6
05,$AECA,$16ECA,3,をイよ,ac b1 a5
05,$AECE,$16ECE,3,ハあム,c9 80 d0
05,$AED5,$16ED5,4,Zあせわ,69 80 8d ab
05,$AEDD,$16EDD,3,をイよ,ac b1 a5
05,$AEE8,$16EE8,4,Zあせわ,69 80 8d ab
05,$AEF5,$16EF5,3,をイれ,ac b1 a9
05,$AF1A,$16F1A,3,Fあれ,55 80 a9
05,$AF34,$16F34,4,Zあせわ,69 80 8d ab
05,$AF49,$16F49,3,をイよ,ac b1 a5
05,$AF54,$16F54,4,Zあせわ,69 80 8d ab
05,$AF64,$16F64,3,をイヌ,ac b1 c6
05,$AF69,$16F69,3,をイよ,ac b1 a5
05,$AF6D,$16F6D,3,ハあム,c9 80 d0
05,$AF74,$16F74,4,Zあせわ,69 80 8d ab
05,$AF7C,$16F7C,3,をイよ,ac b1 a5
05,$AF87,$16F87,4,Zあせわ,69 80 8d ab
05,$AF8F,$16F8F,3,をイよ,ac b1 a5
05,$AF9A,$16F9A,4,Zあせわ,69 80 8d ab
05,$AFA7,$16FA7,3,をイれ,ac b1 a9
05,$AFCC,$16FCC,3,Fあれ,55 80 a9
05,$AFE6,$16FE6,4,Zあせわ,69 80 8d ab
05,$AFFB,$16FFB,3,をイよ,ac b1 a5
05,$B006,$17006,4,Zあせわ,69 80 8d ab
05,$B016,$17016,3,をイヌ,ac b1 c6
05,$B01B,$1701B,3,をイよ,ac b1 a5
05,$B01F,$1701F,3,ハあム,c9 80 d0
05,$B026,$17026,4,Zあせわ,69 80 8d ab
05,$B02E,$1702E,3,をイよ,ac b1 a5
05,$B039,$17039,4,Zあせわ,69 80 8d ab
05,$B041,$17041,3,をイよ,ac b1 a5
05,$B04C,$1704C,4,Zあせわ,69 80 8d ab
05,$B059,$17059,3,をイれ,ac b1 a9
05,$B07E,$1707E,3,Fあれ,55 80 a9
05,$B098,$17098,4,Zあせわ,69 80 8d ab
05,$B0AD,$170AD,3,をイよ,ac b1 a5
05,$B0B8,$170B8,4,Zあせわ,69 80 8d ab
05,$B0C8,$170C8,3,をイヌ,ac b1 c6
05,$B0CD,$170CD,3,をイよ,ac b1 a5
05,$B0D1,$170D1,3,ハあム,c9 80 d0
05,$B0D8,$170D8,4,Zあせわ,69 80 8d ab
05,$B0E0,$170E0,3,をイよ,ac b1 a5
05,$B0EB,$170EB,4,Zあせわ,69 80 8d ab
05,$B0F3,$170F3,3,をイよ,ac b1 a5
05,$B0FE,$170FE,4,Zあせわ,69 80 8d ab
05,$B10B,$1710B,3,をイれ,ac b1 a9
05,$B130,$17130,3,Fあれ,55 80 a9
05,$B14A,$1714A,4,Zあせわ,69 80 8d ab
05,$B15F,$1715F,3,をイよ,ac b1 a5
05,$B16A,$1716A,4,Zあせわ,69 80 8d ab
05,$B17A,$1717A,3,をイヌ,ac b1 c6
05,$B17F,$1717F,3,をイよ,ac b1 a5
05,$B18A,$1718A,4,Zあせわ,69 80 8d ab
05,$B192,$17192,3,をイよ,ac b1 a5
05,$B19D,$1719D,4,Zあせわ,69 80 8d ab
05,$B1AA,$171AA,3,をイよ,ac b1 a5
05,$B262,$17262,3,イウん,b1 b2 ad
05,$B279,$17279,3,イウん,b1 b2 ad
05,$B29B,$1729B,3,イウん,b1 b2 ad
05,$B2F2,$172F2,3,、Yか,ae 68 85
05,$B322,$17322,3,か、つ,85 ae 91
05,$B330,$17330,3,て、す,92 ae 8c
05,$B344,$17344,4,Zあせわ,69 80 8d ab
05,$B349,$17349,5,Q!ん8!,60 6c ad 7b 6c
05,$B34F,$1734F,5,あせ8!よ,80 8d 7b 6c a5
05,$B36C,$1736C,5,セエん5!,bd b3 ad 78 6c
05,$B372,$17372,7,・せ5!ん6!,7f 8d 78 6c ad 79 6c
05,$B37A,$1737A,7,・せ6!ん7!,7f 8d 79 6c ad 7a 6c
05,$B382,$17382,7,・せ7!ん8!,7f 8d 7a 6c ad 7b 6c
05,$B38A,$1738A,5,・せ8!れ,7f 8d 7b 6c a9
05,$B397,$17397,5,Qセヤ-せ,60 bd d3 6b 8d
05,$B3B0,$173B0,4,いん5!,81 ad 78 6c
05,$B3B6,$173B6,4,せ5!れ,8d 78 6c a9
05,$B3DE,$173DE,3,すオん,8c b4 ad
05,$B3E8,$173E8,3,すオん,8c b4 ad
05,$B3F2,$173F2,3,Jキよ,59 b6 a5
05,$B411,$17411,3,すオれ,8c b4 a9
05,$B416,$17416,4,Zあせわ,69 80 8d ab
05,$B429,$17429,3,れチか,a9 c0 85
05,$B432,$17432,3,Xれん,67 a9 ad
05,$B460,$17460,5,Qセヤ-せ,60 bd d3 6b 8d
05,$B473,$17473,3,<!れ,70 6c a9
05,$B47C,$1747C,4,いん5!,81 ad 78 6c
05,$B482,$17482,4,せ5!れ,8d 78 6c a9
05,$B48A,$1748A,3,Fキれ,55 b6 a9
05,$B4AD,$174AD,4,Zあせわ,69 80 8d ab
05,$B4C0,$174C0,3,れチか,a9 c0 85
05,$B4C9,$174C9,3,Xれん,67 a9 ad
05,$B4F7,$174F7,5,Qセヤ-せ,60 bd d3 6b 8d
05,$B50A,$1750A,3,>!れ,71 6c a9
05,$B513,$17513,4,いん6!,81 ad 79 6c
05,$B519,$17519,4,せ6!れ,8d 79 6c a9
05,$B521,$17521,3,Fキれ,55 b6 a9
05,$B531,$17531,3,サカれ,ba b5 a9
05,$B53F,$1753F,3,サカれ,ba b5 a9
05,$B544,$17544,4,Zあせわ,69 80 8d ab
05,$B557,$17557,3,れチか,a9 c0 85
05,$B560,$17560,3,Xれん,67 a9 ad
05,$B58E,$1758E,5,Qセヤ-せ,60 bd d3 6b 8d
05,$B5A1,$175A1,3,/!れ,72 6c a9
05,$B5AA,$175AA,4,いん7!,81 ad 7a 6c
05,$B5B0,$175B0,4,せ7!れ,8d 7a 6c a9
05,$B5B8,$175B8,3,Fキれ,55 b6 a9
05,$B5C8,$175C8,3,Bキれ,51 b6 a9
05,$B5D6,$175D6,3,Bキれ,51 b6 a9
05,$B5DB,$175DB,4,Zあせわ,69 80 8d ab
05,$B5EE,$175EE,3,れチか,a9 c0 85
05,$B5F7,$175F7,3,Xれん,67 a9 ad
05,$B625,$17625,5,Qセヤ-せ,60 bd d3 6b 8d
05,$B638,$17638,3,~!れ,73 6c a9
05,$B641,$17641,4,いん8!,81 ad 7b 6c
05,$B647,$17647,4,せ8!れ,8d 7b 6c a9
05,$B64F,$1764F,3,Fキれ,55 b6 a9
05,$B6AE,$176AE,3,ヘあれ,cc 80 a9
05,$B6C3,$176C3,3,ンあよ,dc 80 a5
05,$B6CE,$176CE,4,Zあせわ,69 80 8d ab
05,$B6EE,$176EE,4,Zあせわ,69 80 8d ab
05,$B70E,$1770E,4,Zあせわ,69 80 8d ab
05,$B717,$17717,4,JキQら,59 b6 60 a6
05,$B74C,$1774C,3,んクら,ad b7 a6
05,$B750,$17750,4,セ<!ハ,bd 70 6c c9
05,$B762,$17762,3,んクゆ,ad b7 a4
05,$B76C,$1776C,3,Z1か,69 74 85
05,$B772,$17772,3,Z!か,69 6c 85
05,$B781,$17781,3,んクん,ad b7 ad
05,$B7A7,$177A7,3,んクれ,ad b7 a9
05,$B85B,$1785B,3,Aいよ,50 81 a5
05,$B8B4,$178B4,3,Aいよ,50 81 a5
05,$B8D6,$178D6,3,Eいよ,54 81 a5
05,$B8F8,$178F8,4,さケYか,8a b8 68 85
05,$B927,$17927,3,なあよ,94 80 a5
05,$B936,$17936,3,Iいよ,58 81 a5
05,$B944,$17944,3,Mコよ,5c b9 a5
05,$B94F,$1794F,3,ムあよ,d0 80 a5
05,$B95A,$1795A,3,Mいん,5c 81 ad
05,$B965,$17965,4,サん9!,ba ad 7c 6c
05,$B990,$17990,3,Qいよ,60 81 a5
05,$B99D,$1799D,4,Zあせわ,69 80 8d ab
05,$B9A6,$179A6,3,9コハ,7c b9 c9
05,$B9B4,$179B4,3,サコれ,ba b9 a9
05,$B9C4,$179C4,4,Zあせわ,69 80 8d ab
05,$B9DD,$179DD,4,Zあせわ,69 80 8d ab
05,$B9F9,$179F9,3,Z1か,69 74 85
05,$B9FF,$179FF,3,Z!か,69 6c 85
05,$BA27,$17A27,3,なあよ,94 80 a5
05,$BA36,$17A36,3,Iいよ,58 81 a5
05,$BA44,$17A44,3,Mサよ,5c ba a5
05,$BA4F,$17A4F,3,ムあよ,d0 80 a5
05,$BA5A,$17A5A,3,Mいん,5c 81 ad
05,$BA76,$17A76,3,なあよ,94 80 a5
05,$BA85,$17A85,3,Iいよ,58 81 a5
05,$BA93,$17A93,3,わサよ,ab ba a5
05,$BA9E,$17A9E,3,ムあよ,d0 80 a5
05,$BAA9,$17AA9,3,Mいん,5c 81 ad
05,$BAC5,$17AC5,3,なあよ,94 80 a5
05,$BAD4,$17AD4,3,Iいよ,58 81 a5
05,$BAED,$17AED,3,ムあよ,d0 80 a5
05,$BAF8,$17AF8,4,MいYか,5c 81 68 85
05,$BB2D,$17B2D,3,せスれ,8d bc a9
05,$BB4C,$17B4C,3,ムMれ,d0 5c a9
05,$BB7B,$17B7B,3,ラシれ,d6 bb a9
05,$BBA8,$17BA8,3,ラシれ,d6 bb a9
05,$BC01,$17C01,3,ヘあれ,cc 80 a9
05,$BC16,$17C16,3,ンあよ,dc 80 a5
05,$BC21,$17C21,4,Zあせわ,69 80 8d ab
05,$BC36,$17C36,3,0スよ,7d bc a5
05,$BC41,$17C41,4,Zあせわ,69 80 8d ab
05,$BC56,$17C56,3,0スよ,7d bc a5
05,$BC5A,$17C5A,3,ハあム,c9 80 d0
05,$BC61,$17C61,4,Zあせわ,69 80 8d ab
05,$BC67,$17C67,3,せスよ,8d bc a5
05,$BC72,$17C72,4,Zあせわ,69 80 8d ab
05,$BC7C,$17C7C,3,シYか,bb 68 85
05,$BCE9,$17CE9,3,ノセん,c8 bd ad
05,$BCF2,$17CF2,4,-ム~セ,6b d0 73 bd
05,$BD33,$17D33,3,Uいよ,64 81 a5
05,$BD51,$17D51,3,ヘあれ,cc 80 a9
05,$BD66,$17D66,3,Gソセ,56 be bd
05,$BDB1,$17DB1,3,ヘあれ,cc 80 a9
05,$BDC6,$17DC6,3,Gソれ,56 be a9
05,$BE42,$17E42,3,ヘあれ,cc 80 a9
05,$BE57,$17E57,3,ンあよ,dc 80 a5
05,$BE62,$17E62,4,Zあせわ,69 80 8d ab
05,$BE90,$17E90,4,Zあせわ,69 80 8d ab
05,$BEB4,$17EB4,3,ハあム,c9 80 d0
05,$BEBB,$17EBB,4,Zあせわ,69 80 8d ab
05,$BED9,$17ED9,4,Zあせわ,69 80 8d ab
05,$BEE2,$17EE2,4,ノスYか,c8 bc 68 85
05,$BEF3,$17EF3,3,Zへか,69 9c 85
05,$BEF9,$17EF9,3,Z!か,69 6c 85
05,$BF09,$17F09,3,Zむか,69 a0 85
05,$BF0F,$17F0F,3,Z!か,69 6c 85
05,$BF1F,$17F1F,3,Zゆか,69 a4 85
05,$BF25,$17F25,3,Z!か,69 6c 85
05,$BF38,$17F38,3,ちカき,90 b5 86
0F,$C20B,$3C20B,3,テんX,c2 ad 7e
0F,$C264,$3C264,3,あYか,80 68 85
0F,$C27C,$3C27C,4,・テQん,7f c2 60 ad
0F,$C2B3,$3C2B3,3,あYか,80 68 85
0F,$C2D5,$3C2D5,3,あYか,80 68 85
0F,$C2F7,$3C2F7,3,あYか,80 68 85
0F,$C319,$3C319,3,あYか,80 68 85
0F,$C33B,$3C33B,3,あYか,80 68 85
0F,$C35D,$3C35D,3,あYか,80 68 85
0F,$C37F,$3C37F,3,あYか,80 68 85
0F,$C3A1,$3C3A1,3,あYか,80 68 85
0F,$C3C3,$3C3C3,3,あYか,80 68 85
0F,$C3E4,$3C3E4,4,さあYか,8a 80 68 85
0F,$C406,$3C406,4,おあYか,84 80 68 85
0F,$C428,$3C428,4,くあYか,87 80 68 85
0F,$C44A,$3C44A,4,いあYか,81 80 68 85
0F,$C46D,$3C46D,3,あYか,80 68 85
0F,$C48F,$3C48F,3,あYか,80 68 85
0F,$C4B1,$3C4B1,3,あYか,80 68 85
0F,$C4D3,$3C4D3,3,あYか,80 68 85
0F,$C4F4,$3C4F4,4,HあYか,57 80 68 85
0F,$C517,$3C517,3,あYか,80 68 85
0F,$C539,$3C539,3,あYか,80 68 85
0F,$C55B,$3C55B,3,あYか,80 68 85
0F,$C57C,$3C57C,4,NあYか,5d 80 68 85
0F,$C59F,$3C59F,3,あYか,80 68 85
0F,$C5C1,$3C5C1,3,あYか,80 68 85
0F,$C5E3,$3C5E3,3,あYか,80 68 85
0F,$C605,$3C605,3,あYか,80 68 85
0F,$C627,$3C627,3,あYか,80 68 85
0F,$C649,$3C649,3,あYか,80 68 85
0F,$C66B,$3C66B,3,あYか,80 68 85
0F,$C68D,$3C68D,3,あYか,80 68 85
0F,$C6AF,$3C6AF,3,あYか,80 68 85
0F,$C6D1,$3C6D1,3,あYか,80 68 85
0F,$C6F3,$3C6F3,3,あYか,80 68 85
0F,$C714,$3C714,4,XあYか,7e 80 68 85
0F,$C737,$3C737,3,あYか,80 68 85
0F,$C759,$3C759,3,あYか,80 68 85
0F,$C77B,$3C77B,3,あYか,80 68 85
0F,$C79D,$3C79D,3,あYか,80 68 85
0F,$C7BE,$3C7BE,4,せあYか,8d 80 68 85
0F,$C7E1,$3C7E1,3,あYか,80 68 85
0F,$C803,$3C803,3,あYか,80 68 85
0F,$C824,$3C824,4,2あYか,75 80 68 85
0F,$C846,$3C846,4,5あYか,78 80 68 85
0F,$C869,$3C869,3,あYか,80 68 85
0F,$C88A,$3C88A,4,8あYか,7b 80 68 85
0F,$C8AD,$3C8AD,3,あYか,80 68 85
0F,$C8CF,$3C8CF,3,あYか,80 68 85
0F,$C8F1,$3C8F1,3,あYか,80 68 85
0F,$C913,$3C913,3,あYか,80 68 85
0F,$C935,$3C935,3,あYか,80 68 85
0F,$C943,$3C943,4,QれFか,60 a9 55 85
0F,$C948,$3C948,3,れロか,a9 da 85
0F,$CA4B,$3CA4B,3,かAほ,85 50 9d
0F,$CABE,$3CABE,3,Qるよ,60 a8 a5
0F,$CAED,$3CAED,3,、フれ,ae cb a9
0F,$CB1B,$3CB1B,4,Xヘノヌ,67 cc c8 c6
0F,$CB23,$3CB23,4,、フYか,ae cb 68 85
0F,$CB2E,$3CB2E,3,Qるよ,60 a8 a5
0F,$CB5B,$3CB5B,3,、フれ,ae cb a9
0F,$CB83,$3CB83,3,Kフよ,5a cb a5
0F,$CB8C,$3CB8C,3,Xヘれ,67 cc a9
0F,$CB9A,$3CB9A,4,Kフノヌ,5a cb c8 c6
0F,$CBA2,$3CBA2,4,、フYか,ae cb 68 85
0F,$CBB8,$3CBB8,4,Q5ルれ,60 78 d8 a9
0F,$CC22,$3CC22,3,>ホん,71 cd ad
0F,$CC39,$3CC39,4,ツ5ルも,c1 78 d8 a2
0F,$CC4F,$3CC4F,3,>ホん,71 cd ad
0F,$CC70,$3CC70,3,6ヘY,79 cc 68
0F,$CC90,$3CC90,3,あホよ,80 cd a5
0F,$CC9B,$3CC9B,3,Oハよ,5e c9 a5
0F,$CCC1,$3CCC1,6,ヘYるYろY,cc 68 a8 68 aa 68
0F,$CD79,$3CD79,3,あホれ,80 cd a9
0F,$CDB9,$3CDB9,4,ムモQむ,d0 d2 60 a0
0F,$CDD2,$3CDD2,3,ノヒム,c8 ca d0
0F,$CDE5,$3CDE5,4,ムヨQよ,d0 d5 60 a5
0F,$CE20,$3CE20,3,ホQよ,cd 60 a5
0F,$CE3E,$3CE3E,3,ホQよ,cd 60 a5
0F,$CE6F,$3CE6F,3,ロモQ,da d2 60
0F,$CE7C,$3CE7C,3,エムれ,b3 d0 a9
0F,$CE8F,$3CE8F,3,ゆユよ,a4 d4 a5
0F,$CE96,$3CE96,3,Mミん,5c cf ad
0F,$CEA9,$3CEA9,3,Xマん,7e ce ad
0F,$CEB3,$3CEB3,4,チハチム,c0 c9 c0 d0
0F,$CEBC,$3CEBC,3,Xマん,7e ce ad
0F,$CEC6,$3CEC6,3,Mミん,5c cf ad
0F,$CED3,$3CED3,3,Xマん,7e ce ad
0F,$CEE0,$3CEE0,3,Xマん,7e ce ad
0F,$CF25,$3CF25,3,ゆユよ,a4 d4 a5
0F,$CF2E,$3CF2E,4,XマんE,7e ce ad 54
0F,$CF5B,$3CF5B,3,ミんM,cf ad 5c
0F,$CF63,$3CF63,3,れ(か,a9 6e 85
0F,$CF7B,$3CF7B,3,ノヒム,c8 ca d0
0F,$CF85,$3CF85,3,Xマハ,7e ce c9
0F,$CF8B,$3CF8B,3,れウか,a9 b2 85
0F,$CFA3,$3CFA3,3,ノヒム,c8 ca d0
0F,$CFAD,$3CFAD,3,Xマハ,7e ce c9
0F,$CFCB,$3CFCB,3,ノヒム,c8 ca d0
0F,$CFE5,$3CFE5,3,ミんF,cf ad 55
0F,$D004,$3D004,3,えユれ,83 d4 a9
0F,$D00B,$3D00B,3,めムム,a1 d0 d0
0F,$D010,$3D010,3,みムれ,9f d0 a9
0F,$D017,$3D017,3,めムム,a1 d0 d0
0F,$D01C,$3D01C,3,みムれ,9f d0 a9
0F,$D095,$3D095,3,ゆユよ,a4 d4 a5
0F,$D0AE,$3D0AE,3,ゆユよ,a4 d4 a5
0F,$D0EC,$3D0EC,3,れ(か,a9 6e 85
0F,$D0F6,$3D0F6,4,メれウか,d1 a9 b2 85
0F,$D112,$3D112,3,ノヒム,c8 ca d0
0F,$D13B,$3D13B,3,れ(か,a9 6e 85
0F,$D144,$3D144,5,Jメれウか,59 d1 a9 b2 85
0F,$D14F,$3D14F,3,Jメれ,59 d1 a9
0F,$D161,$3D161,3,ノヒム,c8 ca d0
0F,$D18D,$3D18D,3,?モれ,6d d2 a9
0F,$D1B0,$3D1B0,3,?モれ,6d d2 a9
0F,$D1C8,$3D1C8,3,モQん,d2 60 ad
0F,$D1E4,$3D1E4,3,?モれ,6d d2 a9
0F,$D1F9,$3D1F9,3,モQよ,d2 60 a5
0F,$D25C,$3D25C,3,モYか,d2 68 85
0F,$D26C,$3D26C,3,QんF,60 ad 55
0F,$D27C,$3D27C,3,ろヒよ,aa ca a5
0F,$D283,$3D283,3,QんJ,60 ad 59
0F,$D28B,$3D28B,3,るけも,a8 88 a2
0F,$D296,$3D296,3,ZNか,69 5d 85
0F,$D2AB,$3D2AB,3,ZNか,69 5d 85
0F,$D2C0,$3D2C0,3,ZNか,69 5d 85
0F,$D3E8,$3D3E8,3,モYか,d2 68 85
0F,$D3F4,$3D3F4,3,チムむ,c0 d0 a0
0F,$D400,$3D400,3,?ノレ,6d c8 d9
0F,$D46D,$3D46D,3,ヤQら,d3 60 a6
0F,$D473,$3D473,4,セハ*は,bd c9 6a 99
0F,$D485,$3D485,4,のろヒコ,98 aa ca b9
0F,$D55B,$3D55B,4,XヘQん,67 cc 60 ad
0F,$D564,$3D564,3,ヘヨよ,cc d5 a5
0F,$D670,$3D670,3,ほラよ,9d d6 a5
0F,$D76B,$3D76B,3,れチか,a9 c0 85
0F,$D795,$3D795,3,ネリれ,c7 d7 a9
0F,$D7A2,$3D7A2,3,ネリよ,c7 d7 a5
0F,$D7AA,$3D7AA,3,れミか,a9 cf 85
0F,$D7B7,$3D7B7,3,ネリれ,c7 d7 a9
0F,$D820,$3D820,3,れチか,a9 c0 85
0F,$D84A,$3D84A,3,9ルれ,7c d8 a9
0F,$D857,$3D857,3,9ルよ,7c d8 a5
0F,$D85F,$3D85F,3,れミか,a9 cf 85
0F,$D86C,$3D86C,3,9ルれ,7c d8 a9
0F,$D8FC,$3D8FC,4,Qあむチ,60 80 a0 c0
0F,$D904,$3D904,4,Qあむチ,60 80 a0 c0
0F,$D90C,$3D90C,4,Qあむチ,60 80 a0 c0
0F,$D914,$3D914,4,Qあむチ,60 80 a0 c0
0F,$D93F,$3D93F,3,1レよ,74 d9 a5
0F,$D96C,$3D96C,3,リYか,d7 68 85
0F,$D9A6,$3D9A6,3,リYか,d7 68 85
0F,$DA40,$3DA40,3,リYか,d7 68 85
0F,$DAAC,$3DAAC,3,リYか,d7 68 85
0F,$DB2A,$3DB2A,3,Zへか,69 9c 85
0F,$DB30,$3DB30,3,Z!か,69 6c 85
0F,$DB66,$3DB66,3,ワYか,db 68 85
0F,$DB93,$3DB93,3,Zハか,69 c9 85
0F,$DB99,$3DB99,3,Z*か,69 6a 85
0F,$DBD1,$3DBD1,3,QQよ,60 60 a5
0F,$DBFD,$3DBFD,4,Zあせわ,69 80 8d ab
0F,$DC12,$3DC12,3,ワYか,db 68 85
0F,$DC58,$3DC58,3,Zハか,69 c9 85
0F,$DC5E,$3DC5E,3,Z*か,69 6a 85
0F,$DC84,$3DC84,3,ンYか,dc 68 85
0F,$DCA7,$3DCA7,3,ンYか,dc 68 85
0F,$DCD0,$3DCD0,3,!!ち,6c 6c 90
0F,$DCE5,$3DCE5,3,Z-か,69 6b 85
0F,$DD44,$3DD44,3,!!ム,6c 6c d0
0F,$DD61,$3DD61,4,フンYか,cb dc 68 85
0F,$DEAB,$3DEAB,3,セ<!,bd 70 6c
0F,$DF6E,$3DF6E,3,セ<!,bd 70 6c
0F,$DF7E,$3DF7E,4,(ム8よ,6e d0 7b a5
0F,$E0B1,$3E0B1,3,れBか,a9 51 85
0F,$E0C0,$3E0C0,3,れAか,a9 50 85
0F,$E14B,$3E14B,3,ろセ~,aa bd 73
0F,$E22F,$3E22F,3,OヨQ,5e d5 60
0F,$E288,$3E288,3,れレか,a9 d9 85
0F,$E2DB,$3E2DB,3,レYか,d9 68 85
0F,$E2F7,$3E2F7,3,レQよ,d9 60 a5
0F,$E419,$3E419,3,れ-か,a9 6b 85
0F,$E444,$3E444,3,れ-か,a9 6b 85
0F,$E46F,$3E46F,3,れ-か,a9 6b 85
0F,$E49A,$3E49A,3,れ-か,a9 6b 85
0F,$E4C5,$3E4C5,3,れ-か,a9 6b 85
0F,$E560,$3E560,3,ZUか,69 64 85
0F,$E597,$3E597,3,レYか,d9 68 85
0F,$E59B,$3E59B,12,Q0123456789よ,60 7d 74 75 76 77 78 79 7a 7b 7c a5
0F,$E5BE,$3E5BE,3,ハAア,c9 50 b0
0F,$E5C6,$3E5C6,3,れ。か,a9 af 85
0F,$E5DA,$3E5DA,3,れよか,a9 a5 85
0F,$E626,$3E626,3,レYか,d9 68 85
0F,$E658,$3E658,3,Zむか,69 a0 85
0F,$E661,$3E661,4,OヨYか,5e d5 68 85
0F,$E6D6,$3E6D6,3,レYか,d9 68 85
0F,$E6FF,$3E6FF,3,ハ5ア,c9 78 b0
0F,$E70B,$3E70B,3,れあか,a9 80 85
0F,$E716,$3E716,3,れちか,a9 90 85
0F,$E721,$3E721,3,れむか,a9 a0 85
0F,$E788,$3E788,4,OヨYか,5e d5 68 85
0F,$E7CB,$3E7CB,3,レYか,d9 68 85
0F,$E7F8,$3E7F8,3,れレか,a9 d9 85
0F,$E861,$3E861,3,Zアか,69 b0 85
0F,$E8A3,$3E8A3,3,ちFハ,90 55 c9
0F,$E96B,$3E96B,31,QSUWY*!あうおきけさすそむもゆらるろを、チテナヌノヒヘマ,60 62 64 66 68 6a 6c 80 82 84 86 88 8a 8c 8e a0 a2 a4 a6 a8 aa ac ae c0 c2 c4 c6 c8 ca cc ce
0F,$E9A8,$3E9A8,30,QSUWあうおきけさすそむもゆらYYるろを、チテナヌノヒヘマ,60 62 64 66 80 82 84 86 88 8a 8c 8e a0 a2 a4 a6 68 68 a8 aa ac ae c0 c2 c4 c6 c8 ca cc ce
0F,$EA33,$3EA33,14,GHT~34WX34YZ56,56 57 63 73 76 77 66 67 76 77 68 69 78 79
0F,$EA49,$3EA49,8,*-78!?90,6a 6b 7a 7b 6c 6d 7c 7d
0F,$EA57,$3EA57,14,GHQR<>SR/>UV12,56 57 60 61 70 71 62 61 72 71 64 65 74 75
0F,$EA67,$3EA67,90,OPむめアイおかなにおかぬねきくぬねけこのはさしひふすせへほそたまみうえてともやウエゆよオカゆりオクらりキクるれケコろわサシをんスセ、。ソタノハルレチツムメテトモヤナニユヨヌネラリ,5e 5f a0 a1 b0 b1 84 85 94 95 84 85 96 97 86 87 96 97 88 89 98 99 8a 8b 9a 9b 8c 8d 9c 9d 8e 8f 9e 9f 82 83 92 93 a2 a3 b2 b3 a4 a5 b4 b5 a4 a7 b4 b7 a6 a7 b6 b7 a8 a9 b8 b9 aa ab ba bb ac ad bc bd ae af be bf c8 c9 d8 d9 c0 c1 d0 d1 c2 c3 d2 d3 c4 c5 d4 d5 c6 c7 d6 d7
0F,$EAC5,$3EAC5,7,ヒフロワヘホン,ca cb da db cc cd dc
0F,$EAFF,$3EAFF,4,ちつママ,90 91 ce ce
0F,$EB05,$3EB05,4,あいあい,80 81 80 81
0F,$EB72,$3EB72,3,ろセる,aa bd a8
0F,$ECF0,$3ECF0,8,おかきくなにぬね,84 85 86 87 94 95 96 97
0F,$ECFA,$3ECFA,8,むめもやアイウエ,a0 a1 a2 a3 b0 b1 b2 b3
0F,$ED04,$3ED04,8,ゆよらりオカキク,a4 a5 a6 a7 b4 b5 b6 b7
0F,$ED0E,$3ED0E,8,チツテトムメモヤ,c0 c1 c2 c3 d0 d1 d2 d3
0F,$ED18,$3ED18,8,けこさしのはひふ,88 89 8a 8b 98 99 9a 9b
0F,$ED22,$3ED22,12,ナニヒフろわユヨロワサシ,c4 c5 ca cb aa ab d4 d5 da db ba bb
0F,$ED30,$3ED30,12,ヌネヒフろわラリロワサシ,c6 c7 ca cb aa ab d6 d7 da db ba bb
0F,$ED3E,$3ED3E,12,ノハヒフろわルレロワサシ,c8 c9 ca cb aa ab d8 d9 da db ba bb
0F,$ED68,$3ED68,32,るるるるるさしるるひふるるろわるるサシるるけこるるのはるるるるる,a8 a8 a8 a8 a8 8a 8b a8 a8 9a 9b a8 a8 aa ab a8 a8 ba bb a8 a8 88 89 a8 a8 98 99 a8 a8 a8 a8 a8
0F,$ED8A,$3ED8A,16,すせそたへほまみをん、。スセソタ,8c 8d 8e 8f 9c 9d 9e 9f ac ad ae af bc bd be bf
0F,$ED9C,$3ED9C,5,ヘホマミン,cc cd ce cf dc
0F,$EDF2,$3EDF2,4,8ヘんX,7b cc ad 7e
0F,$EE11,$3EE11,3,Oハか,5e c9 85
0F,$EE1F,$3EE1F,4,8ヘQれ,7b cc 60 a9
0F,$EF55,$3EF55,4,XヘYか,67 cc 68 85
0F,$EF98,$3EF98,4,ノノノノ,c8 c8 c8 c8
0F,$F019,$3F019,3,>ワれ,71 db a9
0F,$F01E,$3F01E,4,Zあせわ,69 80 8d ab
0F,$F044,$3F044,3,テテん,c2 c2 ad
0F,$F0AB,$3F0AB,3,Z1か,69 74 85
0F,$F0B1,$3F0B1,3,Z!か,69 6c 85
0F,$F0C8,$3F0C8,3,そトん,8e c3 ad
0F,$F0EB,$3F0EB,3,をンれ,ac dc a9
0F,$F0F0,$3F0F0,4,Zあせわ,69 80 8d ab
0F,$F109,$3F109,3,たンん,8f dc ad
0F,$F123,$3F123,3,アトん,b0 c3 ad
0F,$F13D,$3F13D,3,モトん,d2 c3 ad
0F,$F1AA,$3F1AA,3,Kナよ,5a c4 a5
0F,$F1B6,$3F1B6,3,9ナれ,7c c4 a9
0F,$F1C7,$3F1C7,3,まナん,9e c4 ad
0F,$F1D6,$3F1D6,4,せG>れ,8d 56 71 a9
0F,$F1DB,$3F1DB,4,せH>れ,8d 57 71 a9
0F,$F1E0,$3F1E0,4,せI>れ,8d 58 71 a9
0F,$F1E5,$3F1E5,3,せJ>,8d 59 71
0F,$F241,$3F241,3,ん0!,ad 7d 6c
0F,$F259,$3F259,3,たンん,8f dc ad
0F,$F263,$3F263,5,>ワんX!,71 db ad 7e 6c
0F,$F27D,$3F27D,3,たンん,8f dc ad
0F,$F287,$3F287,5,>ワん・!,71 db ad 7f 6c
0F,$F2A1,$3F2A1,3,たンん,8f dc ad
0F,$F2AB,$3F2AB,3,>ワれ,71 db a9
0F,$F2CB,$3F2CB,3,ハあム,c9 80 d0
0F,$F2D2,$3F2D2,4,Zあせわ,69 80 8d ab
0F,$F2E8,$3F2E8,3,たンん,8f dc ad
0F,$F2F2,$3F2F2,3,>ワよ,71 db a5
0F,$F2FD,$3F2FD,4,Zあせわ,69 80 8d ab
0F,$F313,$3F313,3,たンん,8f dc ad
0F,$F31D,$3F31D,3,>ワよ,71 db a5
0F,$F328,$3F328,4,Zあせわ,69 80 8d ab
0F,$F33E,$3F33E,3,たンん,8f dc ad
0F,$F348,$3F348,3,>ワよ,71 db a5
0F,$F355,$3F355,4,Zあせわ,69 80 8d ab
0F,$F360,$3F360,5,ア1ん<!,b0 74 ad 70 6c
0F,$F368,$3F368,3,ク1れ,b7 74 a9
0F,$F36E,$3F36E,4,QちAん,60 90 50 ad
0F,$F3CD,$3F3CD,3,*ニん,6a c5 ad
0F,$F3E4,$3F3E4,3,!ろセ,6c aa bd
0F,$F3F9,$3F3F9,3,セス/,bd bc 72
0F,$F402,$3F402,5,!ろセY/,6c aa bd 68 72
0F,$F40A,$3F40A,7,ほY/セち/Z,9d 68 72 bd 90 72 69
0F,$F412,$3F412,3,ほち/,9d 90 72
0F,$F41B,$3F41B,3,すニん,8c c5 ad
0F,$F426,$3F426,3,、ニよ,ae c5 a5
0F,$F453,$3F453,3,ムニん,d0 c5 ad
0F,$F487,$3F487,3,たンん,8f dc ad
0F,$F4B1,$3F4B1,3,たンん,8f dc ad
0F,$F4DB,$3F4DB,3,たンよ,8f dc a5
0F,$F4E9,$3F4E9,4,せI>れ,8d 58 71 a9
0F,$F4EE,$3F4EE,4,せJ>れ,8d 59 71 a9
0F,$F4F3,$3F4F3,4,せG>れ,8d 56 71 a9
0F,$F4F8,$3F4F8,4,せH>ん,8d 57 71 ad
0F,$F54B,$3F54B,4,せI>れ,8d 58 71 a9
0F,$F550,$3F550,4,せJ>れ,8d 59 71 a9
0F,$F555,$3F555,4,せG>れ,8d 56 71 a9
0F,$F55A,$3F55A,3,せH>,8d 57 71
0F,$F568,$3F568,3,7ヌん,7a c6 ad
0F,$F5A9,$3F5A9,3,Z1か,69 74 85
0F,$F5AF,$3F5AF,3,Z!か,69 6c 85
0F,$F5BC,$3F5BC,3,Z1か,69 74 85
0F,$F5C2,$3F5C2,3,Z!か,69 6c 85
0F,$F5CF,$3F5CF,3,Z1か,69 74 85
0F,$F5D5,$3F5D5,3,Z!か,69 6c 85
0F,$F5EC,$3F5EC,3,Z1か,69 74 85
0F,$F5F2,$3F5F2,3,Z!か,69 6c 85
0F,$F5FF,$3F5FF,3,ネYか,c7 68 85
0F,$F61F,$3F61F,4,んL>ニ,ad 5b 71 c5
0F,$F628,$3F628,4,んK>ニ,ad 5a 71 c5
0F,$F64E,$3F64E,3,QYか,60 68 85
0F,$F665,$3F665,4,Zあせわ,69 80 8d ab
0F,$F677,$3F677,3,スノれ,bc c8 a9
0F,$F68D,$3F68D,3,リユれ,d7 d4 a9
0F,$F693,$3F693,3,れあか,a9 80 85
0F,$F6A1,$3F6A1,3,リユれ,d7 d4 a9
0F,$F6F5,$3F6F5,3,*Yか,6a 68 85
0F,$F70F,$3F70F,4,ほチ/ほ,9d c0 72 9d
0F,$F71C,$3F71C,3,QYか,60 68 85
0F,$F734,$3F734,13,せ*>せ->せ!>せ?>れ,8d 6a 71 8d 6b 71 8d 6c 71 8d 6d 71 a9
0F,$F742,$3F742,13,せ(>せ)>せ<>せ>>れ,8d 6e 71 8d 6f 71 8d 70 71 8d 71 71 a9
0F,$F796,$3F796,3,QYか,60 68 85
0F,$F7A0,$3F7A0,25,せ/>せ~>せ1>せ2>せ3>せ4>せ5>せ6>ん,8d 72 71 8d 73 71 8d 74 71 8d 75 71 8d 76 71 8d 77 71 8d 78 71 8d 79 71 ad
0F,$F7BD,$3F7BD,5,~んケ~せ,73 ad b8 73 8d
0F,$F7C9,$3F7C9,5,~んコ~せ,73 ad b9 73 8d
0F,$F7D5,$3F7D5,5,~んサ~せ,73 ad ba 73 8d
0F,$F7E1,$3F7E1,5,~んシ~せ,73 ad bb 73 8d
0F,$F7EC,$3F7EC,3,セユれ,bd d4 a9
0F,$F7F2,$3F7F2,3,れアか,a9 b0 85
0F,$F803,$3F803,3,Iヌれ,58 c6 a9
0F,$F83D,$3F83D,3,たンれ,8f dc a9
0F,$F844,$3F844,3,たンれ,8f dc a9
0F,$F84B,$3F84B,3,たンれ,8f dc a9
0F,$F852,$3F852,3,たンん,8f dc ad
0F,$F85E,$3F85E,3,>ワQ,71 db 60
0F,$F86E,$3F86E,4,Zあせわ,69 80 8d ab
0F,$F886,$3F886,4,Zあせわ,69 80 8d ab
0F,$F88B,$3F88B,3,れ*か,a9 6a 85
0F,$F88F,$3F88F,3,れ>か,a9 71 85
0F,$F8A6,$3F8A6,4,Zあせわ,69 80 8d ab
0F,$F8AE,$3F8AE,4,Qれ/か,60 a9 72 85
0F,$F8B3,$3F8B3,3,れ>か,a9 71 85
0F,$F8C1,$3F8C1,4,Qれ*か,60 a9 6a 85
0F,$F8C6,$3F8C6,3,れ>か,a9 71 85
0F,$F8CF,$3F8CF,3,マネれ,ce c7 a9
0F,$F8D4,$3F8D4,4,Zあせわ,69 80 8d ab
0F,$F8E4,$3F8E4,3,セユれ,bd d4 a9
0F,$F8EA,$3F8EA,3,れアか,a9 b0 85
0F,$F900,$3F900,3,たンよ,8f dc a5
0F,$F90E,$3F90E,3,をンヌ,ac dc c6
0F,$F918,$3F918,3,リユれ,d7 d4 a9
0F,$F946,$3F946,4,ほア1ヒ,9d b0 74 ca
0F,$F95C,$3F95C,3,ZQか,69 60 85
0F,$F967,$3F967,4,0ア1つ,7d b0 74 91
0F,$F979,$3F979,4,Qん*>,60 ad 6a 71
0F,$F97E,$3F97E,18,?/>せ*>ん(>?3>せ(>ん->,6d 72 71 8d 6a 71 ad 6e 71 6d 76 71 8d 6e 71 ad 6b 71
0F,$F991,$3F991,18,?~>せ->ん)>?4>せ)>ん!>,6d 73 71 8d 6b 71 ad 6f 71 6d 77 71 8d 6f 71 ad 6c 71
0F,$F9A4,$3F9A4,18,?1>せ!>ん<>?5>せ<>ん?>,6d 74 71 8d 6c 71 ad 70 71 6d 78 71 8d 70 71 ad 6d 71
0F,$F9B7,$3F9B7,16,?2>せ?>ん>>?6>せ>>れ,6d 75 71 8d 6d 71 ad 71 71 6d 79 71 8d 71 71 a9
0F,$F9C8,$3F9C8,26,せ/>せ3>せ~>せ4>せ1>せ5>せ2>せ6>Qれ,8d 72 71 8d 76 71 8d 73 71 8d 77 71 8d 74 71 8d 78 71 8d 75 71 8d 79 71 60 a9
0F,$FA18,$3FA18,3,ハソム,c9 be d0
0F,$FA1E,$3FA1E,3,Qハ8,60 c9 7b
0F,$FA24,$3FA24,5,5ノれ8せ,78 c8 a9 7b 8d
0F,$FA2A,$3FA2A,3,QQも,60 60 a2
0F,$FA3C,$3FA3C,3,Zハか,69 c9 85
0F,$FA42,$3FA42,3,Z*か,69 6a 85
0F,$FA7D,$3FA7D,3,Zハか,69 c9 85
0F,$FA83,$3FA83,3,Z*か,69 6a 85
0F,$FAA0,$3FAA0,3,Zハか,69 c9 85
0F,$FAA6,$3FAA6,3,Z*か,69 6a 85
0F,$FAC5,$3FAC5,3,Zハか,69 c9 85
0F,$FACB,$3FACB,3,Z*か,69 6a 85
0F,$FAF1,$3FAF1,3,Zハか,69 c9 85
0F,$FAF7,$3FAF7,3,Z*か,69 6a 85
0F,$FB48,$3FB48,3,Zハか,69 c9 85
0F,$FB4E,$3FB4E,3,Z*か,69 6a 85
0F,$FBC9,$3FBC9,3,Z-か,69 6b 85
0F,$FBF8,$3FBF8,4,コ!!ニ,b9 6c 6c c5
0F,$FC09,$3FC09,3,Z-か,69 6b 85
0F,$FC35,$3FC35,3,ZNか,69 5d 85
0F,$FC62,$3FC62,3,Zハか,69 c9 85
0F,$FC68,$3FC68,3,Z*か,69 6a 85
0F,$FC9D,$3FC9D,3,Zハか,69 c9 85
0F,$FCA3,$3FCA3,3,Z*か,69 6a 85
0F,$FCB8,$3FCB8,3,アNゆ,b0 5d a4
0F,$FCC2,$3FCC2,3,Zハか,69 c9 85
0F,$FCC8,$3FCC8,3,Z*か,69 6a 85
0F,$FCD9,$3FCD9,3,Zハか,69 c9 85
0F,$FCDF,$3FCDF,3,Z*か,69 6a 85
0F,$FCEF,$3FCEF,3,Zハか,69 c9 85
0F,$FCF5,$3FCF5,3,Z*か,69 6a 85
0F,$FD02,$3FD02,3,Zハか,69 c9 85
0F,$FD08,$3FD08,3,Z*か,69 6a 85
0F,$FD2B,$3FD2B,4,セ*>か,bd 6a 71 85
0F,$FD30,$3FD30,4,セ(>か,bd 6e 71 85
0F,$FD43,$3FD43,3,セ(>,bd 6e 71
0F,$FD4B,$3FD4B,3,*>よ,6a 71 a5
0F,$FD50,$3FD50,3,(>ア,6e 71 b0
0F,$FD56,$3FD56,3,セ(>,bd 6e 71
0F,$FD5B,$3FD5B,4,セ*>ニ,bd 6a 71 c5
0F,$FD60,$3FD60,3,セ(>,bd 6e 71
0F,$FD69,$3FD69,4,セ*>か,bd 6a 71 85
0F,$FD6E,$3FD6E,4,セ(>か,bd 6e 71 85
0F,$FD85,$3FD85,3,えユも,83 d4 a2
0F,$FDBC,$3FDBC,3,Yマよ,68 ce a5
0F,$FDEE,$3FDEE,3,Yマよ,68 ce a5
0F,$FE20,$3FE20,3,Yマよ,68 ce a5
0F,$FE52,$3FE52,3,Yマれ,68 ce a9
0F,$FE88,$3FE88,3,PN~,5f 5d 73
0F,$FE8C,$3FE8C,3,タク8,bf b7 7b
0F,$FED4,$3FED4,3,クシん,b7 bb ad
0F,$FED8,$3FED8,3,フ4シ,cb 77 bb
0F,$FF08,$3FF08,7,8みユろ・ミふ,7b 9f d4 aa 7f cf 9b
0F,$FF1B,$3FF1B,4,XT)P,67 63 6f 5f
0F,$FF57,$3FF57,7,Pリセ。シナ-,5f d7 bd af bb c4 6b
0F,$FF8D,$3FF8D,3,。セ(,af bd 6e
0F,$FFCB,$3FFCB,3,ク6タ,b7 79 bf
